firstname,lastname,email,password,auth_type,created_at,theme,base_currency
Emlynn,Bartusek,ebartusek0@google.co.uk,$2a$04$oxdbCTCsaSg1UPvITWukZ.bDxrvnd8pXo0XYMvEOJDYdpDreWN15y,PASSWORD,9/22/2017,error: undefined method `first' for nil:NilClass,error: undefined method `first' for nil:NilClass
Gabriel,Deighan,gdeighan1@de.vu,$2a$04$2fHQNbOaLYNOoHyIVlR/mO4eEXdMhz3KJrLlWXYoFakB13Z9qv63y,GOOGLE,6/30/2017,error: undefined method `first' for nil:NilClass,error: undefined method `first' for nil:NilClass
Sansone,Dory,sdory2@blog.com,$2a$04$XKRuyoqWPoynTldykS9zbOMPcjGQ1VuR2x6KAI5dGlFXjTIcYBRj6,PASSWORD,9/7/2020,error: undefined method `first' for nil:NilClass,error: undefined method `first' for nil:NilClass
Carmelle,Henworth,chenworth3@dedecms.com,$2a$04$.QPm72FDgaSgs8cUEDt5zuQ0y8TP7kzPnZaBbB8wjQv/8lGp94E/O,PASSWORD,5/22/2020,error: undefined method `first' for nil:NilClass,error: undefined method `first' for nil:NilClass
Sutherlan,Bennike,sbennike4@miibeian.gov.cn,$2a$04$5.xx5sFspSbQt1twj63nxuMzRGzAoi29/wGOhOj66wgBy/Clehula,PASSWORD,11/1/2019,error: undefined method `first' for nil:NilClass,error: undefined method `first' for nil:NilClass
Sena,Sapshed,ssapshed5@dagondesign.com,$2a$04$Jq8NREdhKrAOTUuxc3TpkeVWFUn69bkXmLakdqQw3FGbGf1v.94BC,GOOGLE,7/25/2021,error: undefined method `first' for nil:NilClass,error: undefined method `first' for nil:NilClass
Fidelia,Dosdell,fdosdell6@ameblo.jp,$2a$04$Y9vWL7Jww7Sh.hHntzRiw.Tr8lkwq4GGdzgNdFOnO5LVPPaW6ILF2,PASSWORD,8/6/2016,error: undefined method `first' for nil:NilClass,error: undefined method `first' for nil:NilClass
Ruddie,McIlwreath,rmcilwreath7@loc.gov,$2a$04$u3/FZnAH9RDVVEKfRjtdV.Z6HFJEwF1xotdrpV1LqUzSi0WsHY3si,GOOGLE,11/17/2015,error: undefined method `first' for nil:NilClass,error: undefined method `first' for nil:NilClass
Garwin,Riordan,griordan8@imdb.com,$2a$04$oCR2/2rNRtf/4GOuFNLg2eEafwNlr5jgmLI7TeSOC/mmdGAukfFVa,PASSWORD,11/11/2023,error: undefined method `first' for nil:NilClass,error: undefined method `first' for nil:NilClass
Jeanette,Ganders,jganders9@theatlantic.com,$2a$04$GuJ4G8jRyScovLsy1.DTW.7lYhLQrXGgkw8/N.v2lYu5HTOCDqNUa,GOOGLE,9/10/2020,error: undefined method `first' for nil:NilClass,error: undefined method `first' for nil:NilClass
Nance,Milley,nmilleya@wikimedia.org,$2a$04$b.jNG4qM.3FPPieBcbh8DuQd159MlWQZk9LOc5kAr81H/Tw9PAOTG,GOOGLE,6/23/2022,error: undefined method `first' for nil:NilClass,error: undefined method `first' for nil:NilClass
Corette,Drust,cdrustb@woothemes.com,$2a$04$F05nKOeNknTT7J1QUd8c4O7fKmJ4UXD7l4nH8zO89QwIWj3xBH8Wq,GOOGLE,5/5/2025,error: undefined method `first' for nil:NilClass,error: undefined method `first' for nil:NilClass
Bobbi,Innis,binnisc@eventbrite.com,$2a$04$raEXNH1qeK3tEm9gXdjw7.m0OK6ip4yqRMxzXWm190.C5qC7NRF5K,PASSWORD,12/25/2026,error: undefined method `first' for nil:NilClass,error: undefined method `first' for nil:NilClass
Silvia,Smellie,ssmellied@google.it,$2a$04$JLruZ8wBxkSERARVIRpKqeds.X/r0YzE3baTSvjVAIIEr5xyLKaq2,GOOGLE,10/11/2025,error: undefined method `first' for nil:NilClass,error: undefined method `first' for nil:NilClass
Debra,Finessy,dfinessye@scribd.com,$2a$04$UvNnPbWHXebN0U3Cn7lcj.oadu4l4pbuiPsN1NXKGxFhXNXct3waG,GOOGLE,7/10/2026,error: undefined method `first' for nil:NilClass,error: undefined method `first' for nil:NilClass
Benji,Stoaks,bstoaksf@issuu.com,$2a$04$eyPrPQM5ruHHQtgb4ycBmuAZ9nFgXEPEONkyxYUKnYfCK0elPNs.y,PASSWORD,4/15/2019,error: undefined method `first' for nil:NilClass,error: undefined method `first' for nil:NilClass
Veronika,Doey,vdoeyg@timesonline.co.uk,$2a$04$DnW1cQX9Dy9uj2gWFoKCM.OB8FSQruAd8Lr03qdjk7EC0gp9x3kjC,PASSWORD,6/10/2024,error: undefined method `first' for nil:NilClass,error: undefined method `first' for nil:NilClass
Adan,Meryett,ameryetth@netlog.com,$2a$04$Za1IedXhQj7pgCiY.mcbBOXC8G9D86BbL/cxTfFOxQr1F8lPEqaT.,PASSWORD,4/13/2026,error: undefined method `first' for nil:NilClass,error: undefined method `first' for nil:NilClass
Ki,Heersema,kheersemai@newyorker.com,$2a$04$Cjf2PJ.aKhB7/BGfA/FyvOAkWSG5EYtVSzJeIZfM1PS2dymoiMsZa,GOOGLE,5/14/2019,error: undefined method `first' for nil:NilClass,error: undefined method `first' for nil:NilClass
Christiano,Cocklin,ccocklinj@opensource.org,$2a$04$2Tz8xhQLO9R34WClMg94vOTwJthy6aXRO3rJ0IrFWb4AJGVna.qW2,GOOGLE,2/10/2025,error: undefined method `first' for nil:NilClass,error: undefined method `first' for nil:NilClass
Jonas,Jillins,jjillinsk@blogger.com,$2a$04$4Ix//1Y8FIHoVJ0Dah4uMeH5FGP.RQml7kRS0Sxs95YPzyO0YNq1W,GOOGLE,4/5/2025,error: undefined method `first' for nil:NilClass,error: undefined method `first' for nil:NilClass
Giacobo,Donnison,gdonnisonl@state.tx.us,$2a$04$7UiRf6RbNblHuTd95PGywuiNO5R.sk13BSHCBtCQBXlo2zlZk.2pS,GOOGLE,10/22/2023,error: undefined method `first' for nil:NilClass,error: undefined method `first' for nil:NilClass
Lorne,Suart,lsuartm@elegantthemes.com,$2a$04$eRhCLytA63e3qiX73aEGQ.624IQgDMtJtk.bafE6oqvJGWGz/6bKi,GOOGLE,4/24/2016,error: undefined method `first' for nil:NilClass,error: undefined method `first' for nil:NilClass
Ebba,Duberry,eduberryn@nasa.gov,$2a$04$y1H0Arrn5Gk00gdfuIFSSuFTmsRXYeWNQQ6WY8/.jjt/5T7cUU1lW,PASSWORD,4/30/2022,error: undefined method `first' for nil:NilClass,error: undefined method `first' for nil:NilClass
Neron,Averill,naverillo@shutterfly.com,$2a$04$Bqlzoq6BcERYSIqR4SISNOjY1pSwsCRmA.f4JdXqaSqrJLzEGBxUa,PASSWORD,10/10/2018,error: undefined method `first' for nil:NilClass,error: undefined method `first' for nil:NilClass
Bertha,Grattage,bgrattagep@amazon.com,$2a$04$03gJKfnWq8OKDE/grpKobujvwF9/ZzbKefyU4m2NHsY9jFtqco4J2,PASSWORD,3/5/2021,error: undefined method `first' for nil:NilClass,error: undefined method `first' for nil:NilClass
Gal,McTavish,gmctavishq@zdnet.com,$2a$04$LNwXArY3.UdxnKH1YO2Q0u8uKfKwcvH5uP2qAnTCJ.DcsxgQgshrO,PASSWORD,5/9/2019,error: undefined method `first' for nil:NilClass,error: undefined method `first' for nil:NilClass
Tome,Ingall,tingallr@unicef.org,$2a$04$0wDr9e5RoJPUTbCmYGRTsuqJd.tELowLf7YceUa7ScDyOPOyKHl2a,GOOGLE,8/15/2026,error: undefined method `first' for nil:NilClass,error: undefined method `first' for nil:NilClass
Erroll,Lawfull,elawfulls@marketwatch.com,$2a$04$JoEhSuhPPfyBWQfZYzqFsOGeL731UgRw5ZwjBXGCKL5YnPg/fvfoC,PASSWORD,12/9/2021,error: undefined method `first' for nil:NilClass,error: undefined method `first' for nil:NilClass
Doe,Jerrems,djerremst@hud.gov,$2a$04$pfEfPtClMiBuLedq4f6jhOeLK4qE5FKzHZK/4lmtQsO0fnT6z9tEi,GOOGLE,8/31/2023,error: undefined method `first' for nil:NilClass,error: undefined method `first' for nil:NilClass
Marietta,Lago,mlagou@ebay.com,$2a$04$Jbie7qITI5RAE6bH8bM2rukwgFLje6VoYokzl3GCePdG57LqYgBce,PASSWORD,11/15/2024,error: undefined method `first' for nil:NilClass,error: undefined method `first' for nil:NilClass
Hanna,Lapides,hlapidesv@deliciousdays.com,$2a$04$DI3Ya1plBjYRVoVPSmD0Q.EYMw0TYULrTBvRzYSLAE562SkV3fNrK,PASSWORD,4/28/2016,error: undefined method `first' for nil:NilClass,error: undefined method `first' for nil:NilClass
Pier,Omrod,pomrodw@vistaprint.com,$2a$04$YDh0s9JZEsdDxD2QWg2UW.XvgQgbaLNQ1ZBKb.Ig32hEyBCd0DCc2,PASSWORD,5/30/2024,error: undefined method `first' for nil:NilClass,error: undefined method `first' for nil:NilClass
Olivier,Tuckley,otuckleyx@themeforest.net,$2a$04$80xJZHu2.JquP7BE0.7dJuPumyCvylj.s7nUKQogjy98Pz7mHmIsy,GOOGLE,2/18/2023,error: undefined method `first' for nil:NilClass,error: undefined method `first' for nil:NilClass
Dode,Snook,dsnooky@51.la,$2a$04$qj0.1Q88CFrYXflsutBuQexPEV3ZPN3JyXdUhipMhJh3z7MUPvg4q,PASSWORD,6/19/2024,error: undefined method `first' for nil:NilClass,error: undefined method `first' for nil:NilClass
Harri,Benedick,hbenedickz@wikia.com,$2a$04$potefnhBpgErjea5N0KAxOpTyFNo9GjQwe/l7dw16eagqPeb9smlS,GOOGLE,2/5/2026,error: undefined method `first' for nil:NilClass,error: undefined method `first' for nil:NilClass
Petrina,Marten,pmarten10@fda.gov,$2a$04$ql85yqbcuELcskRp1HxbpOWTmjw.sOUWMfvecMYuXsVDi5h8qYLP2,PASSWORD,9/4/2018,error: undefined method `first' for nil:NilClass,error: undefined method `first' for nil:NilClass
Petey,Gilardengo,pgilardengo11@nsw.gov.au,$2a$04$6eX0m5JU/9DzAHRZwQ7YueKXakMVUOxbdbecOnaXV1/Xad9UTq/Fi,PASSWORD,10/20/2022,error: undefined method `first' for nil:NilClass,error: undefined method `first' for nil:NilClass
Lanie,Trappe,ltrappe12@fotki.com,$2a$04$H.fZwgWzRQgpA0wIjZTkqeujFxWa2ylkAf11hJOL1HJouwnhPTpY2,PASSWORD,12/10/2026,error: undefined method `first' for nil:NilClass,error: undefined method `first' for nil:NilClass
Morley,Lamberts,mlamberts13@instagram.com,$2a$04$mKIDKBZd8VpwXJ9H8ut0QucwJHUVEbcZP5awjw9.UPLx/TqlYQvHe,PASSWORD,11/26/2015,error: undefined method `first' for nil:NilClass,error: undefined method `first' for nil:NilClass
Hailey,Ounsworth,hounsworth14@tmall.com,$2a$04$t6e3LmKMZvUSRG/T4Ec.7O4LRRPg6D47Du5D6gqj.9WrTMs8xsl0m,GOOGLE,9/5/2025,error: undefined method `first' for nil:NilClass,error: undefined method `first' for nil:NilClass
Carling,Gissop,cgissop15@geocities.com,$2a$04$cY0DyIXRDvMwwMZtQtlveeTauRBn1xXpKL6lrD4fWGjD3IPsdBa6q,PASSWORD,12/14/2017,error: undefined method `first' for nil:NilClass,error: undefined method `first' for nil:NilClass
Benton,Scurrell,bscurrell16@geocities.jp,$2a$04$8Nl0XShv98t3q/r8v7/z2OVY0LALg/jOr0cIy8QMytpg0wRlK1qY6,GOOGLE,12/12/2024,error: undefined method `first' for nil:NilClass,error: undefined method `first' for nil:NilClass
Isiahi,Colquhoun,icolquhoun17@naver.com,$2a$04$dZcPwU1eEairhHl8z3Ot1.k069tncbqdrb3P0.3KB86ugfJ.4vXrm,GOOGLE,2/8/2016,error: undefined method `first' for nil:NilClass,error: undefined method `first' for nil:NilClass
Yasmeen,Benini,ybenini18@wiley.com,$2a$04$doBGvVnigrz1eMeZ1Ecc2.2WRwoAbUyvJhV05zBcxee2jxSd0MOAu,GOOGLE,7/27/2017,error: undefined method `first' for nil:NilClass,error: undefined method `first' for nil:NilClass
Cathi,Stirland,cstirland19@rediff.com,$2a$04$WyCIFHW0EJjSbMd7u1EKWOwFKLC9M0ArpGqcBhowI2MjT9E1Bcu..,GOOGLE,12/15/2024,error: undefined method `first' for nil:NilClass,error: undefined method `first' for nil:NilClass
Bond,Spellman,bspellman1a@netscape.com,$2a$04$kbqsgd9ZL7U27Z4.nldZve2ueOIH6LAKKdAhEVXbSeCIGSpAh46fa,GOOGLE,8/25/2016,error: undefined method `first' for nil:NilClass,error: undefined method `first' for nil:NilClass
Marcello,Downage,mdownage1b@netscape.com,$2a$04$Olsya12JOmOMUSSEZx88NOEeIGPVjcX3oo6RQToGuXMc6tOdcn2dG,PASSWORD,2/10/2017,error: undefined method `first' for nil:NilClass,error: undefined method `first' for nil:NilClass
Ayn,Pynner,apynner1c@theglobeandmail.com,$2a$04$/dH9JLgqmWEhf1BB4b5Z2uFGMVIYPRMhXs7aw4lNh.XAP0UIW81CC,GOOGLE,1/28/2018,error: undefined method `first' for nil:NilClass,error: undefined method `first' for nil:NilClass
Royce,Pountney,rpountney1d@nih.gov,$2a$04$g0r6umQtx5xX6oWtm8QSHucAPlNc353tfCJYr.MMASlYqiAr5YCfm,GOOGLE,11/16/2018,error: undefined method `first' for nil:NilClass,error: undefined method `first' for nil:NilClass
Vere,McKissack,vmckissack1e@google.com.hk,$2a$04$fJ5igyx.33IVoa9iPYGm8.R4JozWTsNAjIHRL6bzqMjJkBcUoRCKu,GOOGLE,2/4/2021,error: undefined method `first' for nil:NilClass,error: undefined method `first' for nil:NilClass
Donnajean,Mallaby,dmallaby1f@craigslist.org,$2a$04$5ka.3QY4FeBSaj5O/u6qlOuiSWqq73DVwVOBIMrXUKIOGNyrNDcze,GOOGLE,8/23/2025,error: undefined method `first' for nil:NilClass,error: undefined method `first' for nil:NilClass
Flynn,Pozer,fpozer1g@alexa.com,$2a$04$Z5xjhN7FzLiHc7kteSaZGu2845KuhI24akn8lijDZmEbHbD3zVOOu,PASSWORD,12/7/2017,error: undefined method `first' for nil:NilClass,error: undefined method `first' for nil:NilClass
Adrien,O'Scanlan,aoscanlan1h@mlb.com,$2a$04$Ts7S6xD0c3GnZBWsDvC0O.E.FjI/pcpDSqkiv6qXjuc8xM8EM2eYC,GOOGLE,6/4/2024,error: undefined method `first' for nil:NilClass,error: undefined method `first' for nil:NilClass
Doro,Hamblen,dhamblen1i@xrea.com,$2a$04$L6nqg7vmMbdpuQutx.K2d.l5JE50Q8O8ChxEpsILbNBtQjKLXtz0a,PASSWORD,9/25/2024,error: undefined method `first' for nil:NilClass,error: undefined method `first' for nil:NilClass
Olive,Cerman,ocerman1j@slate.com,$2a$04$65cm8jjDnPI9lOxvZVXR7.JFqqCqnqN1afBFNuAuqOeCyiTKskN/e,PASSWORD,4/16/2022,error: undefined method `first' for nil:NilClass,error: undefined method `first' for nil:NilClass
Riccardo,Dummett,rdummett1k@hubpages.com,$2a$04$D2Zvsticrd7JwDplM3lV0esMNCKMRCmRAXpD23/w68iIlUP7RHcnW,GOOGLE,3/15/2015,error: undefined method `first' for nil:NilClass,error: undefined method `first' for nil:NilClass
Lukas,Couch,lcouch1l@businesswire.com,$2a$04$OiQHjJhunnZdwXj0LXdIP.06dv/YCkOXfN.mrkHvHfcfk013UVw1K,GOOGLE,8/25/2021,error: undefined method `first' for nil:NilClass,error: undefined method `first' for nil:NilClass
Heath,Sermin,hsermin1m@smh.com.au,$2a$04$8csvRxL9hq.5wDbwErbe0Ow2hC1EfnBKO433VOCGexErhNNlNiggC,GOOGLE,7/3/2025,error: undefined method `first' for nil:NilClass,error: undefined method `first' for nil:NilClass
Jacquenette,Greenlies,jgreenlies1n@amazonaws.com,$2a$04$2FZxrbNPNAOCZtdcIqcMreYf/QcB5dwT9LCYAf6uTS9/KgngtYiOi,PASSWORD,9/12/2025,error: undefined method `first' for nil:NilClass,error: undefined method `first' for nil:NilClass
Henka,Hodcroft,hhodcroft1o@reference.com,$2a$04$djhgLU/K8PazYTUdI5EFMORYKAeiejpjYJlS3mbWZodwLd9sU9Fn.,PASSWORD,10/8/2026,error: undefined method `first' for nil:NilClass,error: undefined method `first' for nil:NilClass
Shaine,Thorouggood,sthorouggood1p@yandex.ru,$2a$04$6MllCjzUkyFh8Fkj6ArDOevj7v8gOsOYOAdaH79/6Gz2BjpDTlRIW,GOOGLE,11/6/2017,error: undefined method `first' for nil:NilClass,error: undefined method `first' for nil:NilClass
Arie,Hatliff,ahatliff1q@toplist.cz,$2a$04$h0YdcNXKs/HQgYohOHNw3.K6YrXi5TEQ7P2Ofq2LeUw1chLtA93GO,PASSWORD,3/13/2017,error: undefined method `first' for nil:NilClass,error: undefined method `first' for nil:NilClass
Kelci,Lenoir,klenoir1r@mit.edu,$2a$04$U1fkR2I5yYA62sJC3v0Mb.d7QKpfeniefypEdBje6HR4V9RmyvU72,GOOGLE,12/1/2025,error: undefined method `first' for nil:NilClass,error: undefined method `first' for nil:NilClass
Jolene,Armor,jarmor1s@netscape.com,$2a$04$QrvL0cFDoE4.jhSO5QPm0Oi1CKRKQEjhwlh.BtRCxRuk9GEzGduIy,PASSWORD,6/4/2022,error: undefined method `first' for nil:NilClass,error: undefined method `first' for nil:NilClass
Olympe,Ech,oech1t@narod.ru,$2a$04$oPcRvpyK4BH4R0Kb16oip.NI86O6DXsGXcBzT74.ckr1Gj5asqAxK,GOOGLE,10/20/2021,error: undefined method `first' for nil:NilClass,error: undefined method `first' for nil:NilClass
Hannis,Morkham,hmorkham1u@wunderground.com,$2a$04$yQPp/A3tbeakplK7/crMhOLxv9O6G2HqeJd30Jgw3Ko58E1m6I/lC,GOOGLE,3/25/2015,error: undefined method `first' for nil:NilClass,error: undefined method `first' for nil:NilClass
Kennett,Agius,kagius1v@de.vu,$2a$04$25UPzEzHSG5UxWDFkVy.i.mZwB6T4h1cFUJ.lfHS/Gl3UAsWfd4Ge,PASSWORD,9/7/2016,error: undefined method `first' for nil:NilClass,error: undefined method `first' for nil:NilClass
Rory,Rawsthorne,rrawsthorne1w@foxnews.com,$2a$04$JUrojSaUnfqjBV2uxq/dNeVh1TBn85vzj172g8MHZq2E9Cdb3j.RW,PASSWORD,1/9/2017,error: undefined method `first' for nil:NilClass,error: undefined method `first' for nil:NilClass
Ninnetta,Matten,nmatten1x@sciencedaily.com,$2a$04$HVpboXbwXd09D1anSMRLcu6H8sqTLxKOuEc.fcwGIjrvZUsctaFJW,GOOGLE,10/26/2016,error: undefined method `first' for nil:NilClass,error: undefined method `first' for nil:NilClass
Kelsi,Lindsell,klindsell1y@networkadvertising.org,$2a$04$Qj7cj3L6z7L4QLfGyPptPOKVDi3iTGuTVXRH1OfaE/qf59xTKtdni,GOOGLE,3/18/2018,error: undefined method `first' for nil:NilClass,error: undefined method `first' for nil:NilClass
Parke,Basire,pbasire1z@php.net,$2a$04$tIJ5WVbP3gC.JBbZNJDREO4aR8WCPva0wpqJq/pJ6ayMInClB5kc2,PASSWORD,11/21/2020,error: undefined method `first' for nil:NilClass,error: undefined method `first' for nil:NilClass
Whitney,Pash,wpash20@technorati.com,$2a$04$ju7hJRXUKsaQqs0TbzXBDeNOFL.T52FY.v2Jlf3uTGZwENZ.nwXGC,GOOGLE,1/23/2016,error: undefined method `first' for nil:NilClass,error: undefined method `first' for nil:NilClass
Alexi,Oxer,aoxer21@live.com,$2a$04$eCtrJss8ycmDV4cBOAC8S.a9JL5UhGrSjkNtN7wOBTYkthpwGT9QG,PASSWORD,11/8/2023,error: undefined method `first' for nil:NilClass,error: undefined method `first' for nil:NilClass
Kania,O'Donnell,kodonnell22@netvibes.com,$2a$04$JfJjtWIgmpw.gRj0UgXpvOtXoebx5UzRygtb7DzrGIhCJZwFglasa,GOOGLE,10/22/2018,error: undefined method `first' for nil:NilClass,error: undefined method `first' for nil:NilClass
Maressa,Egalton,megalton23@newsvine.com,$2a$04$75B9uRG/vVmJb.Ejbo2LhuIZ8VuBRkoPH/sTjDyD1Q3wFd7teD.ni,PASSWORD,2/5/2023,error: undefined method `first' for nil:NilClass,error: undefined method `first' for nil:NilClass
Lou,Tipler,ltipler24@parallels.com,$2a$04$XkgY8H/S9iqO5k3nl3dJf.V6yHljnn5XJ0UruDD1K5gpYoLam8EN6,GOOGLE,8/1/2025,error: undefined method `first' for nil:NilClass,error: undefined method `first' for nil:NilClass
Rufus,Crinion,rcrinion25@a8.net,$2a$04$HuKZPcJF6lxzmyB0ummQJObv6IMAveQk729FONKWhyvvy3/b1bkb2,GOOGLE,9/30/2024,error: undefined method `first' for nil:NilClass,error: undefined method `first' for nil:NilClass
Gavan,Perrin,gperrin26@blogtalkradio.com,$2a$04$Cz4KoqgSK4kMVxXGYp6EvuZmzMBJ..sv98wVsbh/d.btji1N9PYXu,GOOGLE,6/21/2020,error: undefined method `first' for nil:NilClass,error: undefined method `first' for nil:NilClass
Merill,Tallman,mtallman27@spiegel.de,$2a$04$2fTAlYBW6v2h6wW8tSFT9eh0BjBL8BYRKtThAuAeUH.jVkL1DMqEa,GOOGLE,6/15/2025,error: undefined method `first' for nil:NilClass,error: undefined method `first' for nil:NilClass
Shawna,Bulward,sbulward28@google.com.br,$2a$04$h7sh3Tv.pgZFavJxACoxtuSdz0WAYIftik1bOnM9M.TBkBE7S9W9a,PASSWORD,7/4/2023,error: undefined method `first' for nil:NilClass,error: undefined method `first' for nil:NilClass
Hyacinth,Mann,hmann29@sakura.ne.jp,$2a$04$0RxkoC6nPhS/Jr8DJ9L6IeMjidKptLJNDfJVLzQUWxnK/Rjycomc2,PASSWORD,4/23/2016,error: undefined method `first' for nil:NilClass,error: undefined method `first' for nil:NilClass
Kingston,Plumley,kplumley2a@mtv.com,$2a$04$r2y9SInhxsuPOiSOoVYhguA0uExQc9f8G46lQS.1MKkL1ivk3lAWi,GOOGLE,9/26/2021,error: undefined method `first' for nil:NilClass,error: undefined method `first' for nil:NilClass
Cloe,Wingar,cwingar2b@ameblo.jp,$2a$04$tiaV/btW2O38UjxM42ZVM.PpuKmREGQUVFUK1f/./ITyufmFjmW7.,GOOGLE,2/6/2015,error: undefined method `first' for nil:NilClass,error: undefined method `first' for nil:NilClass
Hortensia,Dow,hdow2c@odnoklassniki.ru,$2a$04$bDUTM9784NfU8Yo4OobX9O0yuY9LCuh87OvtOk/EOW78Bg.1lKwQC,PASSWORD,4/28/2024,error: undefined method `first' for nil:NilClass,error: undefined method `first' for nil:NilClass
Wilmer,Roust,wroust2d@ifeng.com,$2a$04$a/CeJn6RMvcRIlSTEu4j8uRjJyIudFnx4/Xy.DKwbzVoKokgwe5Jm,GOOGLE,12/6/2019,error: undefined method `first' for nil:NilClass,error: undefined method `first' for nil:NilClass
Nicki,Halifax,nhalifax2e@hao123.com,$2a$04$hwqJcAsy9InxYPHX2QbFi.Zo5j1fl5g.6xihJCtEDxT0ZT/564wU2,GOOGLE,12/3/2024,error: undefined method `first' for nil:NilClass,error: undefined method `first' for nil:NilClass
Leoline,MacPhaden,lmacphaden2f@craigslist.org,$2a$04$90O62E9G6e4vdna5b.B4bOxFbVMGBDC0QQKIw1VJLDDatLxN4ncF.,GOOGLE,8/13/2018,error: undefined method `first' for nil:NilClass,error: undefined method `first' for nil:NilClass
Justinian,Troctor,jtroctor2g@nymag.com,$2a$04$v3jd56MMj1hlGO0rAFizUOrONIQGsuBwOfoFmLDHa1jrI1KQRuXwO,PASSWORD,9/23/2022,error: undefined method `first' for nil:NilClass,error: undefined method `first' for nil:NilClass
Mario,Stamps,mstamps2h@netscape.com,$2a$04$cdyGmzQnG.BpIG3cyvPxXujRZplh.8rWq0znajui8WIrLFRWWvMiy,PASSWORD,12/2/2016,error: undefined method `first' for nil:NilClass,error: undefined method `first' for nil:NilClass
Babette,Imesson,bimesson2i@pagesperso-orange.fr,$2a$04$bgT2os8N.TnGkdz4lodVcOdar0kDM/Dofoc3H8NQo/PbjByzVa706,GOOGLE,7/24/2023,error: undefined method `first' for nil:NilClass,error: undefined method `first' for nil:NilClass
Ferrel,Lenahan,flenahan2j@youku.com,$2a$04$vsyyEGhqpdwjhAyZhoyOzuqb4yxp0cf6QGhedIc/PeulhA8nmRNJe,PASSWORD,9/14/2022,error: undefined method `first' for nil:NilClass,error: undefined method `first' for nil:NilClass
Chen,Cranefield,ccranefield2k@psu.edu,$2a$04$MRKkl75kiVzPpxx4RCT3ueuMsz264S/H6SCZMw9vXdUDOi/jN6fum,PASSWORD,4/21/2024,error: undefined method `first' for nil:NilClass,error: undefined method `first' for nil:NilClass
Jillene,Ielden,jielden2l@netlog.com,$2a$04$V2sp36TC9nE0/w/g0VZCyeUF/0fdpC4OyfUjbNTfMWrmpQuvMn8oS,GOOGLE,6/10/2023,error: undefined method `first' for nil:NilClass,error: undefined method `first' for nil:NilClass
Raven,Edkins,redkins2m@usnews.com,$2a$04$br0wfJb33pnObHQj1YBv7.sViwYFB1NgR.3.tYQZ6XjgAuAZKM4OC,PASSWORD,2/19/2018,error: undefined method `first' for nil:NilClass,error: undefined method `first' for nil:NilClass
Almeria,Van Ross,avanross2n@apache.org,$2a$04$PYs0tYjG9cxYCMpyz6nree0nF.1Pjn2nR.pa2nTi01QA0NFoJnwUu,GOOGLE,11/19/2021,error: undefined method `first' for nil:NilClass,error: undefined method `first' for nil:NilClass
Kaia,Eastby,keastby2o@hostgator.com,$2a$04$D2uy01PRzmOMmazwI3jK9.gg4VlSlbVLppkru02NcGbQnc8ulKZCS,GOOGLE,5/20/2022,error: undefined method `first' for nil:NilClass,error: undefined method `first' for nil:NilClass
Alfy,Filson,afilson2p@cargocollective.com,$2a$04$xZU8CnfKRRcMCZ8FLEV.n.NFDkEa2C4F8jte3OtF7PYhuJqJPhNq.,GOOGLE,2/3/2015,error: undefined method `first' for nil:NilClass,error: undefined method `first' for nil:NilClass
Emmalee,Winslett,ewinslett2q@ibm.com,$2a$04$3nxabYiYvl88zdBvl.2v3.BuczQHgmO7y5IsdItCpSNcxFFqhDzTO,PASSWORD,8/1/2024,error: undefined method `first' for nil:NilClass,error: undefined method `first' for nil:NilClass
Rustie,Dunne,rdunne2r@columbia.edu,$2a$04$m.0i/jrEhymcMb//NFwQuOweYcTWTYGPKfN88KXnM8HKey40rJ8yK,PASSWORD,3/23/2020,error: undefined method `first' for nil:NilClass,error: undefined method `first' for nil:NilClass
Gregg,Binnell,gbinnell2s@about.com,$2a$04$dGBmmiaEwMUtBTbotrNIWeWpeAfbz1k0Y62hgT/A2ldudNeasIFay,GOOGLE,11/24/2025,error: undefined method `first' for nil:NilClass,error: undefined method `first' for nil:NilClass
Jordain,Fulop,jfulop2t@vkontakte.ru,$2a$04$Z8BoGx/Don9Zp/T/qtbMc.d00rD5PFicUx79SOT9fTWT70Ay.TRcu,GOOGLE,3/27/2025,error: undefined method `first' for nil:NilClass,error: undefined method `first' for nil:NilClass
Dulciana,Fero,dfero2u@imgur.com,$2a$04$1OrlZ/i2qTmSLmXiDcyFTuumgPS9wOD1azsAMxUUZ2WrOt9D5P.b.,PASSWORD,11/29/2023,error: undefined method `first' for nil:NilClass,error: undefined method `first' for nil:NilClass
Way,Busson,wbusson2v@moonfruit.com,$2a$04$km75vgVHlF6NqeZXYXGlUuoMxb1f4oClXFF7v3AmKtel9shMdH/W2,GOOGLE,7/13/2025,error: undefined method `first' for nil:NilClass,error: undefined method `first' for nil:NilClass
Cacilie,Lambrick,clambrick2w@harvard.edu,$2a$04$Tu5ak0bXbaYUKPvSXjLfgOqBvdh3CJ3.UzaaiCgo2P6FnV1aCKzAG,GOOGLE,6/18/2017,error: undefined method `first' for nil:NilClass,error: undefined method `first' for nil:NilClass
Renelle,Haresign,rharesign2x@dot.gov,$2a$04$SAAQx30/nRSIK/XsoI/C8OxuDfbp.6qQPcUwYtIl72a6T.5S5HkCe,GOOGLE,5/22/2019,error: undefined method `first' for nil:NilClass,error: undefined method `first' for nil:NilClass
Timi,Sewart,tsewart2y@creativecommons.org,$2a$04$ZzY.IDyTbEhmqz.BgSGt7.Sh2z.Tks6eW9kZ69y6VvX20GZDxqLde,PASSWORD,6/18/2026,error: undefined method `first' for nil:NilClass,error: undefined method `first' for nil:NilClass
Jacynth,Seggie,jseggie2z@sun.com,$2a$04$F1N.FgLWemG1TAnkFGg5Mez0yWeOhSd/iQu1mJKwIvwByeG4SH1xa,GOOGLE,6/25/2023,error: undefined method `first' for nil:NilClass,error: undefined method `first' for nil:NilClass
Annissa,Drever,adrever30@google.com.br,$2a$04$PyuJ4tpFiapgytF0mKS9hOzJutdtmZfhfzGUOlXLs.V6qEdAa4DuO,GOOGLE,9/4/2017,error: undefined method `first' for nil:NilClass,error: undefined method `first' for nil:NilClass
Emmaline,Huxter,ehuxter31@hibu.com,$2a$04$wzaY8DUgwUAfbC70yKHOku0jPynCrE0Rply06I0IkKDMfqCdOaAx2,GOOGLE,4/6/2016,error: undefined method `first' for nil:NilClass,error: undefined method `first' for nil:NilClass
Winona,Harrema,wharrema32@taobao.com,$2a$04$6RP9i98oxsjGcNKVeBiuuOQ23ISk/SFJhz5rQ2kV9wgGgNWJR.oqK,PASSWORD,1/6/2024,error: undefined method `first' for nil:NilClass,error: undefined method `first' for nil:NilClass
Avrom,Service,aservice33@people.com.cn,$2a$04$xXyZuuWBEMK3IM4DedBdbOcAEe0vV70VOGdt.bOCxXkXow8cF4ZiW,GOOGLE,5/29/2026,error: undefined method `first' for nil:NilClass,error: undefined method `first' for nil:NilClass
Munroe,Gwilliam,mgwilliam34@skyrock.com,$2a$04$iskIgBJQrzlhSZnPOHHEMucIfc1eLXlw3EG8ZwQSzzd7Xzn0jpQHG,GOOGLE,2/19/2024,error: undefined method `first' for nil:NilClass,error: undefined method `first' for nil:NilClass
Jamima,Lawden,jlawden35@biblegateway.com,$2a$04$pj0nrU7msYs/qdTkcMOh/eJT0axUIVolPx0SfVWbybNH1r/gW7evG,GOOGLE,3/20/2017,error: undefined method `first' for nil:NilClass,error: undefined method `first' for nil:NilClass
Therine,Beeho,tbeeho36@surveymonkey.com,$2a$04$zBH/Mhq4DkaZx5fHWPgYA.SF2wsYARQYybI/MKEM0eNX9zGkN.Z0e,GOOGLE,5/2/2016,error: undefined method `first' for nil:NilClass,error: undefined method `first' for nil:NilClass
Trefor,Apfel,tapfel37@microsoft.com,$2a$04$gJfrUmaxE/zAxMcm7CSgXuBy4g6tTX086sVFTizXDHYzA1SdBQ8re,PASSWORD,10/28/2020,error: undefined method `first' for nil:NilClass,error: undefined method `first' for nil:NilClass
Jocko,Calvie,jcalvie38@marriott.com,$2a$04$qy2vUcTDXAYhSALR1U4cC.kcglVc2Hx3ht6p64rOh7O/s7jMFeHQe,GOOGLE,6/15/2023,error: undefined method `first' for nil:NilClass,error: undefined method `first' for nil:NilClass
Chandra,Feifer,cfeifer39@economist.com,$2a$04$8cZamdta8wP25hQCdtrHzO6mfoyoBP.XNt/63nWYEgJE6GfV9IJcS,PASSWORD,7/12/2025,error: undefined method `first' for nil:NilClass,error: undefined method `first' for nil:NilClass
Adham,Pellant,apellant3a@phoca.cz,$2a$04$O6qv8xhWVZKhnlq1JJLncupt9UkgY/SanR.N.k.RiHUNMGTHIO3nC,GOOGLE,1/21/2016,error: undefined method `first' for nil:NilClass,error: undefined method `first' for nil:NilClass
Lindy,Traice,ltraice3b@fda.gov,$2a$04$GzKjF06SMcjsbpRx3gtm9enAAIJ2ndl0Hr1Q631FMMCxDpmeEONgW,GOOGLE,9/20/2015,error: undefined method `first' for nil:NilClass,error: undefined method `first' for nil:NilClass
Norean,Martinolli,nmartinolli3c@google.it,$2a$04$RUaFHMkd9Mxf.A5G0IhInOn68RiSEuz9hoBe5toB7GJcnRN6zj/h2,PASSWORD,7/10/2017,error: undefined method `first' for nil:NilClass,error: undefined method `first' for nil:NilClass
Brantley,Devers,bdevers3d@slate.com,$2a$04$4OAWlusU47rGG7Tr1iShT.72K77ofpuWv/csHNOUDX5x1JGJLWRye,GOOGLE,4/16/2023,error: undefined method `first' for nil:NilClass,error: undefined method `first' for nil:NilClass
Adham,Dawby,adawby3e@npr.org,$2a$04$p3/YVPSoi0Q9sROXK0B1TOGR.l9eQUllBDuei4A5wjSdjketn7aLy,GOOGLE,11/4/2024,error: undefined method `first' for nil:NilClass,error: undefined method `first' for nil:NilClass
Elladine,Cartmel,ecartmel3f@yelp.com,$2a$04$yutRkhCvmsNxURqjQPFB4eS1NU9fVasfa/CQANWcvIeyLfwJJfuAi,GOOGLE,7/5/2016,error: undefined method `first' for nil:NilClass,error: undefined method `first' for nil:NilClass
Lamond,Shorbrook,lshorbrook3g@wikia.com,$2a$04$/ONnvX5gGbTkRtop4XXvVOmDCwt4cGwApBVq7qgS5Vt8B0v0sRhUC,GOOGLE,7/25/2020,error: undefined method `first' for nil:NilClass,error: undefined method `first' for nil:NilClass
Nilson,Critchard,ncritchard3h@cafepress.com,$2a$04$JwxkeeNlds48j8vcsKyr0OFmC8ylbocRUnp6KIbpbpb5D37qIglUC,PASSWORD,12/26/2020,error: undefined method `first' for nil:NilClass,error: undefined method `first' for nil:NilClass
Sonia,McGourty,smcgourty3i@theglobeandmail.com,$2a$04$3TERmsA06WQ4vp3JmWhz0uRvU8nsA245UOEFyCXeKv5G9yvNW3EgK,GOOGLE,7/16/2023,error: undefined method `first' for nil:NilClass,error: undefined method `first' for nil:NilClass
Laney,Noakes,lnoakes3j@mozilla.org,$2a$04$cmUeU4BF4ZtjZoutdkoCeenAG5wZG75E/buG/YFvVz3Ro//Mvp8Im,GOOGLE,5/1/2015,error: undefined method `first' for nil:NilClass,error: undefined method `first' for nil:NilClass
Antoinette,Hardison,ahardison3k@facebook.com,$2a$04$YuDFcmqnErwQHZZqem8LDeZTl8ciLFUQrRiE0IhfBD248pmFtFrl.,PASSWORD,3/22/2020,error: undefined method `first' for nil:NilClass,error: undefined method `first' for nil:NilClass
Rooney,Mytton,rmytton3l@soup.io,$2a$04$WiIPb9q3HwueC2stP/54XuLsyRhTNDgd5ZKiAXPu84QSFImtFX4L.,GOOGLE,12/16/2015,error: undefined method `first' for nil:NilClass,error: undefined method `first' for nil:NilClass
Darsey,Ducker,dducker3m@theatlantic.com,$2a$04$fFAi/YzLdoRGEQuIjX10se85Eb3KYcTgUel6QZ1y4RyozFUgePn4S,PASSWORD,6/30/2017,error: undefined method `first' for nil:NilClass,error: undefined method `first' for nil:NilClass
Krystal,Cargen,kcargen3n@umich.edu,$2a$04$jeCVue.hVf5gpLupIlo/Le2T3UAyfdIxwhH9BMh.Nb93gOf582s0a,GOOGLE,9/16/2021,error: undefined method `first' for nil:NilClass,error: undefined method `first' for nil:NilClass
Lonnard,Flaunders,lflaunders3o@oracle.com,$2a$04$S4kdDZjzmFrBzXzP1.VWU.6KB8q.Q0dT38jD.n95ZM6kKJndOfvJi,PASSWORD,1/27/2015,error: undefined method `first' for nil:NilClass,error: undefined method `first' for nil:NilClass
Gav,Oyley,goyley3p@seesaa.net,$2a$04$.vTPjOamA.AK3mz7o2OI/O9h5q20pisvee73Y4bGfpBTgTzJAkKfe,PASSWORD,12/24/2020,error: undefined method `first' for nil:NilClass,error: undefined method `first' for nil:NilClass
Hermie,Day,hday3q@netvibes.com,$2a$04$/Q2AovUQ.8C8r8ECuo29w.xEf5O7DevAOwycf5sh3lucF7bqQLXNW,PASSWORD,1/9/2017,error: undefined method `first' for nil:NilClass,error: undefined method `first' for nil:NilClass
Ivette,Withnall,iwithnall3r@t-online.de,$2a$04$DhwI7C5kw89kLf39.xYQeONWT8QoUTnDu0B77sIWCVqql3kKnnqaa,PASSWORD,2/2/2018,error: undefined method `first' for nil:NilClass,error: undefined method `first' for nil:NilClass
Job,Eager,jeager3s@cyberchimps.com,$2a$04$M7B.1BILd1VZM5cUIq.rK.MtgSzZQYoq9rj6GEc.dOW5qY3l0IVKu,PASSWORD,1/18/2022,error: undefined method `first' for nil:NilClass,error: undefined method `first' for nil:NilClass
Ora,Demke,odemke3t@ameblo.jp,$2a$04$si2HtWCtPRoSjwCKtRk1m.V1RF92.92O8oW4DP5hzrIu0TsDhw7my,PASSWORD,1/12/2018,error: undefined method `first' for nil:NilClass,error: undefined method `first' for nil:NilClass
Lida,Moncreiffe,lmoncreiffe3u@newsvine.com,$2a$04$tVdoxUnRRpeo0uwCvRYlceSo/7s/41KE1VQmcv0dcMhcazZllnNI2,GOOGLE,3/18/2016,error: undefined method `first' for nil:NilClass,error: undefined method `first' for nil:NilClass
Shaina,Dutchburn,sdutchburn3v@army.mil,$2a$04$UHXPPbag2Xs2cNyr4Sfe4OhyzMJ8il6GnN7glJ0rqonFV6DCVOruK,PASSWORD,3/4/2016,error: undefined method `first' for nil:NilClass,error: undefined method `first' for nil:NilClass
Nial,Drezzer,ndrezzer3w@cnet.com,$2a$04$9XMiNeoVYk/P4nSGMPTGMuM3MdjGGmDhBF7k/3dmNWlzRvw/KOxUm,GOOGLE,9/20/2016,error: undefined method `first' for nil:NilClass,error: undefined method `first' for nil:NilClass
Any,Cranson,acranson3x@instagram.com,$2a$04$/QtczzDZzWTdzE5UZLBxEOS1Y/PF4frObbaUpHlZHypTQRQwUQYaa,PASSWORD,12/12/2025,error: undefined method `first' for nil:NilClass,error: undefined method `first' for nil:NilClass
Iorgo,Emslie,iemslie3y@tiny.cc,$2a$04$xitVp29Gwjqq0iu0hf9XfeH1yRmX3Kd4F47g.HLJrUZX6yzAF.2Hm,GOOGLE,11/24/2021,error: undefined method `first' for nil:NilClass,error: undefined method `first' for nil:NilClass
Nickie,Skitt,nskitt3z@toplist.cz,$2a$04$0QnfSgHiVYgLKjIhObY64.8J0vCl/z50303w8G8NXSh3s55n/IQra,GOOGLE,1/6/2022,error: undefined method `first' for nil:NilClass,error: undefined method `first' for nil:NilClass
Emerson,Grouen,egrouen40@phpbb.com,$2a$04$d1kZyKV1pN1ZIM.aD4r3Oe5s1oJym9ImroGAozhQTgAvvvKrMMp8G,GOOGLE,7/8/2026,error: undefined method `first' for nil:NilClass,error: undefined method `first' for nil:NilClass
Chastity,Gentiry,cgentiry41@ucoz.ru,$2a$04$AhvxmuolgFOkn/s1pijvk.v7ri36tQb7tGkeHE7dmJu7jjMWUV5v2,GOOGLE,8/16/2019,error: undefined method `first' for nil:NilClass,error: undefined method `first' for nil:NilClass
Janka,Carbonell,jcarbonell42@kickstarter.com,$2a$04$.g3YfeyHp2od6WlLWlhHQ.W70CAYvP3G99GEc0urph4LGb9k.ehBu,PASSWORD,7/11/2023,error: undefined method `first' for nil:NilClass,error: undefined method `first' for nil:NilClass
Bertina,Stolberger,bstolberger43@apple.com,$2a$04$MWpDeYGaXAkpqBUf/KoLjOl8z6OWKkFX5z4LF/cNvIeXlrFnFonp2,GOOGLE,7/20/2021,error: undefined method `first' for nil:NilClass,error: undefined method `first' for nil:NilClass
Elmer,Andras,eandras44@nifty.com,$2a$04$dRaXaeVaju6f4COSImU1COD1/dam3ypF2IEUn3kxKikqiWECzuMRm,GOOGLE,2/26/2019,error: undefined method `first' for nil:NilClass,error: undefined method `first' for nil:NilClass
Harris,Quant,hquant45@odnoklassniki.ru,$2a$04$aXgxtjU5V6ESyPlGEGjLzOPQbs2ewd.TR0Rc9hCCmH0.5GMNpMqK2,GOOGLE,1/22/2015,error: undefined method `first' for nil:NilClass,error: undefined method `first' for nil:NilClass
Cale,McKissack,cmckissack46@webs.com,$2a$04$0sQho6Q7kwV9pPrDVt53ouAjmG.K7V/PTCX4MgaufdkHx9Kk42XK6,PASSWORD,9/5/2023,error: undefined method `first' for nil:NilClass,error: undefined method `first' for nil:NilClass
Pebrook,Panther,ppanther47@msn.com,$2a$04$eM5OxPFXAI3cWBZ0HfQp8OG6pu4drqa/MdpijEWMIWGZwJgX0XVMi,PASSWORD,5/11/2023,error: undefined method `first' for nil:NilClass,error: undefined method `first' for nil:NilClass
Ardath,Sambrok,asambrok48@fastcompany.com,$2a$04$kdGVpdVF4mMW91lbUvtx/OhN5OHrZSnvxHi2nXGeCWTSxn/q.sw0u,PASSWORD,11/1/2020,error: undefined method `first' for nil:NilClass,error: undefined method `first' for nil:NilClass
Johnath,Tomlinson,jtomlinson49@skype.com,$2a$04$41LgJWfA2kqi/tx03m/h1uQ4d3aMpFNdjUOn21sj9CwRqfVIxHNSi,PASSWORD,9/18/2023,error: undefined method `first' for nil:NilClass,error: undefined method `first' for nil:NilClass
Martino,Cridland,mcridland4a@bandcamp.com,$2a$04$URWAnhfgTqpnssJ5j9uW2utvPlTMBrDXsgghwUFMgHQU5bWE.lyHC,PASSWORD,2/27/2019,error: undefined method `first' for nil:NilClass,error: undefined method `first' for nil:NilClass
Dyann,Spinello,dspinello4b@ameblo.jp,$2a$04$SH8zNW7EY7vZq5B5Jn.yFOIHsBVJ.v2UImuFIy//LHcGEq.W838sa,GOOGLE,6/23/2024,error: undefined method `first' for nil:NilClass,error: undefined method `first' for nil:NilClass
Harlene,Goggey,hgoggey4c@economist.com,$2a$04$Tlyp47D6xQLgIPGJAX9l9ez5.WNWePc5T.n3g9AJSt9pKwBdqNXvy,GOOGLE,9/15/2021,error: undefined method `first' for nil:NilClass,error: undefined method `first' for nil:NilClass
Virginia,Pook,vpook4d@businesswire.com,$2a$04$hJVmQZ4A43mkaLNIm9rGk.JL6ce.oYHATCGx0ZHDymUg9J.xQLcJG,GOOGLE,12/17/2018,error: undefined method `first' for nil:NilClass,error: undefined method `first' for nil:NilClass
Kaitlyn,Benza,kbenza4e@1688.com,$2a$04$qpiDekHnPFwkArQmeGss5OkyEoYD41pEMF8TGDJ6KffP9DjdNd9IS,PASSWORD,11/22/2015,error: undefined method `first' for nil:NilClass,error: undefined method `first' for nil:NilClass
Corrie,Toler,ctoler4f@delicious.com,$2a$04$78r3MmY18JCLizOaXvts1.x4nd4qo7sJUTgCPEFYJbgwKuTOLU/A2,PASSWORD,5/18/2026,error: undefined method `first' for nil:NilClass,error: undefined method `first' for nil:NilClass
Pryce,MacKibbon,pmackibbon4g@webeden.co.uk,$2a$04$N6U5oY3ePiYPAY7pBjZqcOkVDBStfJN1ClvpejTBmUrtMBFS8ic9i,PASSWORD,8/1/2024,error: undefined method `first' for nil:NilClass,error: undefined method `first' for nil:NilClass
Zsazsa,Buttrum,zbuttrum4h@zdnet.com,$2a$04$PPgCDjTyIdtm2f1oE.jbAeHT/nRrBrDYyKn9YRTzP0xmnX5AOmVaG,GOOGLE,5/20/2026,error: undefined method `first' for nil:NilClass,error: undefined method `first' for nil:NilClass
Arleyne,Rounding,arounding4i@mit.edu,$2a$04$41U3uVPLJBUzSfgwUMz8dO.4u0E9NsjKTOO93B6ZttTKO/7VrK0Vi,GOOGLE,12/5/2015,error: undefined method `first' for nil:NilClass,error: undefined method `first' for nil:NilClass
Myrilla,Austing,mausting4j@dailymail.co.uk,$2a$04$fijQpH8hnit3IA0XVXCKG.dgbXuBu5qiGIFk5YL.VWWJrTMwUZXm.,PASSWORD,7/5/2015,error: undefined method `first' for nil:NilClass,error: undefined method `first' for nil:NilClass
Maddie,Folds,mfolds4k@rambler.ru,$2a$04$4DvtoCWSHwEnOsUIMTWcjeKvtNF7j8vO2Wf0J78oQccH2iqfGPbo6,GOOGLE,5/2/2017,error: undefined method `first' for nil:NilClass,error: undefined method `first' for nil:NilClass
Susanetta,Writer,swriter4l@twitter.com,$2a$04$CUydn7BKCbDA3EFSmUhk0uEiuCM7Z8WcLbh9QCIbJmARnmxMAGEHq,GOOGLE,12/31/2017,error: undefined method `first' for nil:NilClass,error: undefined method `first' for nil:NilClass
Robinett,Kunkler,rkunkler4m@sphinn.com,$2a$04$ALQXlquPxZbL4jI0mNZLbeJW.Ag8uYhHd/qLtrYTvJKTiWAUJXci6,PASSWORD,1/7/2019,error: undefined method `first' for nil:NilClass,error: undefined method `first' for nil:NilClass
Gabrila,Worge,gworge4n@bluehost.com,$2a$04$MzHkhZpakJYadCPr5ZPlTOpLIp0UOi6W37LDmzVMdJIT5dpWWJff2,GOOGLE,8/20/2018,error: undefined method `first' for nil:NilClass,error: undefined method `first' for nil:NilClass
Rosabella,Romanet,rromanet4o@youtu.be,$2a$04$V3EC.xnatEokH6sliK9bwO7f0docsmCBwx7B1DTXkJHvyr9PIrrtW,GOOGLE,3/4/2015,error: undefined method `first' for nil:NilClass,error: undefined method `first' for nil:NilClass
Cleopatra,Downie,cdownie4p@vinaora.com,$2a$04$ZYDu55Yzin1U3FD88XNrKOv38CkC3MmfPeSTBePrwpZSBoyYzA5lm,GOOGLE,5/19/2023,error: undefined method `first' for nil:NilClass,error: undefined method `first' for nil:NilClass
Latrena,Franz,lfranz4q@yellowpages.com,$2a$04$pukPLPv1FEfWk6aOrduNq.P.cweqH7Ta1thpOq4qbxaqZVGp8DESS,PASSWORD,7/26/2019,error: undefined method `first' for nil:NilClass,error: undefined method `first' for nil:NilClass
Kandace,Walliker,kwalliker4r@hp.com,$2a$04$B3m/Tho7PbhL80eY1WGjPujKZO/S3cg894QjHV1YIRzR83j12PL7.,GOOGLE,8/3/2025,error: undefined method `first' for nil:NilClass,error: undefined method `first' for nil:NilClass
Kimberli,Killoran,kkilloran4s@oaic.gov.au,$2a$04$sXY1eo.MuQIf51glUgaQkO0nc4b2JOqmLcklJkOSjRpvrZZ2bAvKm,GOOGLE,1/28/2019,error: undefined method `first' for nil:NilClass,error: undefined method `first' for nil:NilClass
Marshal,Abrahamowitcz,mabrahamowitcz4t@arizona.edu,$2a$04$nPLMR5GYvqrbLtP2Jd9eZO4VDdIvpO7V40/R/K9czlDpxwgGJ0ZmG,PASSWORD,6/27/2026,error: undefined method `first' for nil:NilClass,error: undefined method `first' for nil:NilClass
Galvin,Gagin,ggagin4u@discovery.com,$2a$04$jmtxLBkR6cQlV68KtonX2uWT45hLMEeSkL5iWcGjEgHISgmyzh/mG,GOOGLE,7/27/2024,error: undefined method `first' for nil:NilClass,error: undefined method `first' for nil:NilClass
Brock,Stevenson,bstevenson4v@mozilla.com,$2a$04$mxUf6.dldEX84YHf6PGO6.3HMpP.g.U6Kj4QSntqdbIPOlTKZNyhq,PASSWORD,9/11/2016,error: undefined method `first' for nil:NilClass,error: undefined method `first' for nil:NilClass
Langsdon,Wittleton,lwittleton4w@shop-pro.jp,$2a$04$qFgyoE7oGHXzz.WL9ZiPmezFkyazCVucwxCEdvNoK4HYRmw7q39ba,PASSWORD,3/5/2018,error: undefined method `first' for nil:NilClass,error: undefined method `first' for nil:NilClass
Maye,Gauvin,mgauvin4x@hao123.com,$2a$04$CsajyA7DrdPkvS.8HSHxCOZU3GQQaJWDAbLMNBzKYLjZ/XMtO9GR2,PASSWORD,7/26/2024,error: undefined method `first' for nil:NilClass,error: undefined method `first' for nil:NilClass
Hugo,Eilers,heilers4y@forbes.com,$2a$04$kL6PUrHYWhxkWwAC59iRaegkveXFmjeyo/HQd4qLPxicaKt5zQVYO,PASSWORD,2/3/2024,error: undefined method `first' for nil:NilClass,error: undefined method `first' for nil:NilClass
Whitman,Palek,wpalek4z@cloudflare.com,$2a$04$kxZHWmBzmiXKuniKneNU6OVKB66waNz/hoxMu2T8xvCzSTmgxVRLO,PASSWORD,5/27/2021,error: undefined method `first' for nil:NilClass,error: undefined method `first' for nil:NilClass
Riccardo,Bouette,rbouette50@upenn.edu,$2a$04$eP4IbxuLIgk8UuDN571Ff.Mua7xxTFVECckq1bYKe/k99JmTRmr4i,PASSWORD,5/18/2025,error: undefined method `first' for nil:NilClass,error: undefined method `first' for nil:NilClass
Maryann,Dobrovolny,mdobrovolny51@bbc.co.uk,$2a$04$yttSXDv2yAB206pFp01yfuyKOM8RsU/wOT1OgrSNXsswOs/vJBwxW,PASSWORD,3/29/2025,error: undefined method `first' for nil:NilClass,error: undefined method `first' for nil:NilClass
Duky,Deeson,ddeeson52@free.fr,$2a$04$Hvp14ldXdcCRgm3uAKmLKus1TXUNHKu3WIsOD/BZSwq6V0Af5DUkq,PASSWORD,1/10/2022,error: undefined method `first' for nil:NilClass,error: undefined method `first' for nil:NilClass
Lorrayne,Hugnot,lhugnot53@berkeley.edu,$2a$04$ooEoMqQES8n13xZHpxw0I.WWUVKc7WJK4S5uTdOlLxHcfg37KC8Wu,GOOGLE,12/10/2022,error: undefined method `first' for nil:NilClass,error: undefined method `first' for nil:NilClass
Andy,Ives,aives54@over-blog.com,$2a$04$QW306Mydcb0OGmcXIwr/m.DOFbtupRMLyD6VCWfcJ0sDGJG2Ao/ze,PASSWORD,2/6/2017,error: undefined method `first' for nil:NilClass,error: undefined method `first' for nil:NilClass
Justen,Farman,jfarman55@arstechnica.com,$2a$04$rwjrCmkx7ZUMszcZ98mdj.mzQkObvqKYvJFKHxupwypCsePlt4jd.,GOOGLE,5/28/2017,error: undefined method `first' for nil:NilClass,error: undefined method `first' for nil:NilClass
Briant,Drust,bdrust56@ocn.ne.jp,$2a$04$woi.iWx/6qlOTnDXJOVyG.pKzWP.bcrJZ8oozpHdGSwmdaujVTvVG,PASSWORD,2/28/2024,error: undefined method `first' for nil:NilClass,error: undefined method `first' for nil:NilClass
Towney,Davsley,tdavsley57@mysql.com,$2a$04$6VOcXpHNbULdM2McXGXlBOf5hUHU1JarTLx3ovrVHIU5Zc4LMomhu,GOOGLE,3/22/2021,error: undefined method `first' for nil:NilClass,error: undefined method `first' for nil:NilClass
Linnie,Docherty,ldocherty58@icq.com,$2a$04$98pYohP0J/VHg1rMzSE/P.nmey89eF/nkKNe8LKPY/LMPiYgfGWS2,GOOGLE,11/22/2025,error: undefined method `first' for nil:NilClass,error: undefined method `first' for nil:NilClass
Slade,Dahmel,sdahmel59@fda.gov,$2a$04$OnUyI85iOeIY0Wi0zX66..XRM3oVNDaFlsb2g1wsmHXNnXjHPhMh6,GOOGLE,6/14/2021,error: undefined method `first' for nil:NilClass,error: undefined method `first' for nil:NilClass
Justus,Lyvon,jlyvon5a@elpais.com,$2a$04$CUiIa7P1zZ/nerTGGkhWXOLQ6KBgwlZndudL1XGIXIUpGf.HQiVHm,PASSWORD,12/7/2020,error: undefined method `first' for nil:NilClass,error: undefined method `first' for nil:NilClass
Boyce,Fitchet,bfitchet5b@apache.org,$2a$04$XlzhB9m0P1fFe9wg9mBt3uEl5JiZOXsHwddeW16Q6GRD04HQDrzJC,GOOGLE,6/22/2026,error: undefined method `first' for nil:NilClass,error: undefined method `first' for nil:NilClass
Katee,McGhee,kmcghee5c@google.pl,$2a$04$.eXWffRZAvT4i2LzKbrtzu4BIUnXaqkKgRBdDMhEzBZL8DQAtTMHa,GOOGLE,11/20/2021,error: undefined method `first' for nil:NilClass,error: undefined method `first' for nil:NilClass
Wain,Orrum,worrum5d@ca.gov,$2a$04$6K7zOCn9HwFhdvdaWid/SO5AzhPO1jLmN3wnlpN0PP6mR4OdXmynG,PASSWORD,11/23/2023,error: undefined method `first' for nil:NilClass,error: undefined method `first' for nil:NilClass
Parnell,Ledgard,pledgard5e@tamu.edu,$2a$04$Ic1M0v5h.7.hu40HXhMJxOKy8rhptXCKx4yLGNt0Gff1MPaP0jdg6,PASSWORD,6/19/2025,error: undefined method `first' for nil:NilClass,error: undefined method `first' for nil:NilClass
Yevette,Donaway,ydonaway5f@chicagotribune.com,$2a$04$j95HUSWZh929SOcXtjQqU.2X3pym3iKGkR6.Ppii.O91KrbTPMG1K,PASSWORD,4/14/2024,error: undefined method `first' for nil:NilClass,error: undefined method `first' for nil:NilClass
Jaclin,Booth,jbooth5g@flickr.com,$2a$04$SuvYTr3jAT3tVXmuUdH9.uU9ZTWazWIuiCJczmYm/0SNyQveL460C,GOOGLE,7/5/2021,error: undefined method `first' for nil:NilClass,error: undefined method `first' for nil:NilClass
Jojo,Trelease,jtrelease5h@ibm.com,$2a$04$ZY0Bvrtiq/c18WRhkV5qAOsuYjLkx7SCE1lw75hGF98G4c3fQNaR2,GOOGLE,6/20/2023,error: undefined method `first' for nil:NilClass,error: undefined method `first' for nil:NilClass
Tyler,Hedde,thedde5i@time.com,$2a$04$tdPr/apX0wYt.zrjBgY1CecBDPxyZcWVU/BaTWm7Z8vxldJQ4qwNy,PASSWORD,11/26/2023,error: undefined method `first' for nil:NilClass,error: undefined method `first' for nil:NilClass
Nichols,Mallabon,nmallabon5j@kickstarter.com,$2a$04$kEL07G2SyrvD1kIAMd0lPO1IAHSYhRhz8oIG8xKN.wmjampRxO0HW,GOOGLE,8/1/2015,error: undefined method `first' for nil:NilClass,error: undefined method `first' for nil:NilClass
Patsy,Risdale,prisdale5k@nbcnews.com,$2a$04$rOofCQmq/pAYe8US97G3COWLiSZImo4A5c5RuTjRadIkSyCmKGL8i,PASSWORD,11/13/2024,error: undefined method `first' for nil:NilClass,error: undefined method `first' for nil:NilClass
Conrad,Genese,cgenese5l@usda.gov,$2a$04$800aI7Uke3sXVC3HUOsxSOeWDZl.PCoCq35YJ5jHg/bzyRzTR6smu,GOOGLE,3/13/2025,error: undefined method `first' for nil:NilClass,error: undefined method `first' for nil:NilClass
Correy,Cleminshaw,ccleminshaw5m@ocn.ne.jp,$2a$04$aGe4hkADATRDuCZ444yEFeiB3uQHmFVeoTN4nqvmN2B5VRHiwxcou,GOOGLE,8/15/2025,error: undefined method `first' for nil:NilClass,error: undefined method `first' for nil:NilClass
Toiboid,Girardy,tgirardy5n@tinyurl.com,$2a$04$U1YhsTP7rQYvRci0XZOCzekcKuThvm7J6ePxPHhjpwJVbFOXFmfF6,PASSWORD,2/20/2022,error: undefined method `first' for nil:NilClass,error: undefined method `first' for nil:NilClass
Dina,Gartshore,dgartshore5o@hugedomains.com,$2a$04$vSUoz6LKVkGHXTuN1mp9lOCWORg8votkh8yfe1KMzc0/V.1QPVYci,GOOGLE,8/22/2025,error: undefined method `first' for nil:NilClass,error: undefined method `first' for nil:NilClass
Bernita,Gaskall,bgaskall5p@simplemachines.org,$2a$04$t1Aw4tk0UXwXcquCm6BhGuBlGvqfdAERJ6yWLuYCdgVsxzuei6mbK,PASSWORD,7/5/2017,error: undefined method `first' for nil:NilClass,error: undefined method `first' for nil:NilClass
Kelcey,Burcombe,kburcombe5q@cornell.edu,$2a$04$y78jJFxa1IPe/iqpeDWz9.N6mga1pVYnC53Pz5oOJE0tAKlK0M1sG,PASSWORD,11/30/2021,error: undefined method `first' for nil:NilClass,error: undefined method `first' for nil:NilClass
Leilah,Pentecust,lpentecust5r@domainmarket.com,$2a$04$ohE2CuDTycNAwVnmX8vR7uWzzFW6t/z1zGP/w6QYCAG1rgbbopqqW,GOOGLE,9/24/2018,error: undefined method `first' for nil:NilClass,error: undefined method `first' for nil:NilClass
Brockie,MacHoste,bmachoste5s@noaa.gov,$2a$04$1mW6ttZESf1kRLOF9i1yA.RqnwcZYSYND4.R./9UtxQKlkcs8pFXC,GOOGLE,5/8/2017,error: undefined method `first' for nil:NilClass,error: undefined method `first' for nil:NilClass
Garner,Exter,gexter5t@scribd.com,$2a$04$28bzVK5r7cxNJqGXQNrJ8ej4vavZzLknYoGiFF9ia3wFLNxc/jm3q,GOOGLE,6/21/2020,error: undefined method `first' for nil:NilClass,error: undefined method `first' for nil:NilClass
Gustavo,Gilbeart,ggilbeart5u@parallels.com,$2a$04$10l9f6TE4cHkvokeHJJBj.QcFxhyiNMKd7misKMQCgwaNvFcx/o6O,PASSWORD,7/2/2024,error: undefined method `first' for nil:NilClass,error: undefined method `first' for nil:NilClass
Daniella,Tuckie,dtuckie5v@dagondesign.com,$2a$04$frvW0HGkY38xckTpj1yUgOg5lklXkYsZ9ilu9G0HXqEyTTd9zVVui,PASSWORD,8/12/2015,error: undefined method `first' for nil:NilClass,error: undefined method `first' for nil:NilClass
Angelle,Largan,alargan5w@elegantthemes.com,$2a$04$zANZYWIZb0pmOMIxwAiVve.2XbYFhjQOrF1oGicp.FMBRKG1Xt7o6,GOOGLE,3/11/2015,error: undefined method `first' for nil:NilClass,error: undefined method `first' for nil:NilClass
Clarke,Rosenblum,crosenblum5x@parallels.com,$2a$04$qbKZ4/U.UnO7xgFWg/9A6Oxe.Nh7h84Br1oUgzZ6aFxWgiHaiCqhu,GOOGLE,7/27/2017,error: undefined method `first' for nil:NilClass,error: undefined method `first' for nil:NilClass
Randolph,Gull,rgull5y@house.gov,$2a$04$lx1xHjhHjdPtubBnfIHtwOW2Z5E66G03csv9thrssFgzPBI3wD3WS,PASSWORD,6/17/2017,error: undefined method `first' for nil:NilClass,error: undefined method `first' for nil:NilClass
Levi,Linford,llinford5z@soundcloud.com,$2a$04$e0iKWsPTofuMm.2VcfxjUeVPVpTddTWusgqGRFG.S29omsiKm7tui,PASSWORD,1/30/2018,error: undefined method `first' for nil:NilClass,error: undefined method `first' for nil:NilClass
Conroy,Ruttgers,cruttgers60@tripod.com,$2a$04$3/3ox.kgQ3SlzO0TjXI7xOusIwLUUcFFU1M/h/oqlzK8tC8su0Ml2,PASSWORD,9/24/2023,error: undefined method `first' for nil:NilClass,error: undefined method `first' for nil:NilClass
Allard,Eirwin,aeirwin61@netscape.com,$2a$04$BNEh9LAPR6fQjdvIpWOlguV5WBYpKtqj9gbcaMXx6HhZELNuBWVUi,GOOGLE,8/4/2015,error: undefined method `first' for nil:NilClass,error: undefined method `first' for nil:NilClass
Tom,Goneau,tgoneau62@nhs.uk,$2a$04$dyNzAj9EuwEX6Mj7Tbsn6.0zDJua604yAy6eOHQK5Jn/VQdBcsEKm,GOOGLE,11/19/2015,error: undefined method `first' for nil:NilClass,error: undefined method `first' for nil:NilClass
Marcel,Serraillier,mserraillier63@un.org,$2a$04$pg8Q9xeghli2vBNlfw7iBu34dBbVhCjl3..xSwbcH240cfz3oe4Q.,GOOGLE,3/6/2017,error: undefined method `first' for nil:NilClass,error: undefined method `first' for nil:NilClass
Chadd,Halso,chalso64@wunderground.com,$2a$04$oD5oIVX/./zIjIAaWj9sCuCZWZIe5znNng00uk.f5u099NKGOFwOK,PASSWORD,4/23/2023,error: undefined method `first' for nil:NilClass,error: undefined method `first' for nil:NilClass
Esta,Froom,efroom65@engadget.com,$2a$04$IIBGCfEcbKv4RkHZ0xFve.c1aY03hOTSA18u7HQZHWNZAM4tNBYU.,GOOGLE,7/31/2015,error: undefined method `first' for nil:NilClass,error: undefined method `first' for nil:NilClass
Maria,Evenden,mevenden66@webnode.com,$2a$04$bm1LCjAQBwn65DECSkbIxOz.mNBU2CKa2VYngZ7zBpAgBrSNhu5vy,PASSWORD,1/4/2016,error: undefined method `first' for nil:NilClass,error: undefined method `first' for nil:NilClass
Byron,Disbury,bdisbury67@google.com.au,$2a$04$KvuyRlTlF8sx6NL7tQl/.OBWjbVA/XXNQKGvHhUNZOgE6OMCBygLW,PASSWORD,4/17/2023,error: undefined method `first' for nil:NilClass,error: undefined method `first' for nil:NilClass
Nevil,Witter,nwitter68@ocn.ne.jp,$2a$04$gbaCj2j8eJ7AZu5NWLwX7eJdTf00poaOTJzeiAcgiktEFVa94mXoW,GOOGLE,1/10/2017,error: undefined method `first' for nil:NilClass,error: undefined method `first' for nil:NilClass
Muriel,Phillimore,mphillimore69@forbes.com,$2a$04$OKNwUyMV0PcwHFRoEYguQeyrsfN7WH.byhJRuLipiDm9YMA1l7N7i,GOOGLE,8/12/2025,error: undefined method `first' for nil:NilClass,error: undefined method `first' for nil:NilClass
Curtis,Gilford,cgilford6a@imgur.com,$2a$04$AwyWsr0cldjIyk8f.Wr8/uM6QIhR9vn6Ludcb1Ct3/JvtC4MxobG.,GOOGLE,10/23/2016,error: undefined method `first' for nil:NilClass,error: undefined method `first' for nil:NilClass
Gardner,Harbin,gharbin6b@jigsy.com,$2a$04$6m3SVrG1ba3Rsl46PxSm.enQgbOLsDueV4PhQtuc7.xpk7IC4Vhli,PASSWORD,1/17/2025,error: undefined method `first' for nil:NilClass,error: undefined method `first' for nil:NilClass
Benson,Earry,bearry6c@comsenz.com,$2a$04$a4cIcUqSoKFLZ9AzTp3Zr.mzgUJdIcuEI/5UEkKxfMy1axdS9XTYa,GOOGLE,2/24/2016,error: undefined method `first' for nil:NilClass,error: undefined method `first' for nil:NilClass
Viv,Keeling,vkeeling6d@imageshack.us,$2a$04$MwPJmdWgMfxPovWL8MQGTeYiUSRLnqggVRVmZcDA5hULSB2NPQwAu,GOOGLE,11/29/2024,error: undefined method `first' for nil:NilClass,error: undefined method `first' for nil:NilClass
Karee,Rees,krees6e@illinois.edu,$2a$04$eINkD/GD4XZI98BSsNv7A.Y/7KWhJcUXaiG7DF72SgFc4Z55iGUc6,GOOGLE,8/21/2021,error: undefined method `first' for nil:NilClass,error: undefined method `first' for nil:NilClass
Gwen,Matfin,gmatfin6f@soundcloud.com,$2a$04$rKSwN1D/x1pgOjoYQizzuendjr3W3ngyAcINcNAuUBg5ArjN/HNAu,GOOGLE,10/21/2019,error: undefined method `first' for nil:NilClass,error: undefined method `first' for nil:NilClass
Leesa,Osgerby,losgerby6g@miibeian.gov.cn,$2a$04$Cj8APgvEJtFCedMzcuKjEOiNZjxmBdzA1C.QWzxkCmyQz3s1uaJmG,PASSWORD,6/30/2024,error: undefined method `first' for nil:NilClass,error: undefined method `first' for nil:NilClass
Rubin,Petters,rpetters6h@elpais.com,$2a$04$buhYMM2yR7ff4az39bLYmeJcHECV4dLhJWmrk3QHZm78qUauyYetK,PASSWORD,6/6/2025,error: undefined method `first' for nil:NilClass,error: undefined method `first' for nil:NilClass
Tomas,Hamnet,thamnet6i@issuu.com,$2a$04$KYc5Uzt2hKXHYzl/ZTL4xOafNgCGzouKHsvyTUizaF9OCAlEaMIei,GOOGLE,11/6/2024,error: undefined method `first' for nil:NilClass,error: undefined method `first' for nil:NilClass
Dalton,Gentle,dgentle6j@tinyurl.com,$2a$04$wvJ8z3mf/0DM3Tgo/3KPG.Uy8fxcWtqGY228cTF/tTGcUMKV7a30a,GOOGLE,7/14/2018,error: undefined method `first' for nil:NilClass,error: undefined method `first' for nil:NilClass
Aldis,Boyett,aboyett6k@sogou.com,$2a$04$u7FtIkOhLF/D/SaUQZpNpuw2Lb5brylrpTbtDk6x0NEWZgE7hVwAy,GOOGLE,8/22/2024,error: undefined method `first' for nil:NilClass,error: undefined method `first' for nil:NilClass
Layne,Gagg,lgagg6l@zdnet.com,$2a$04$qBz5sH4W8H6dWG8Kys1bvOx.oBwpqTlN/IHanjE6QPsJtcKM53mta,GOOGLE,9/28/2025,error: undefined method `first' for nil:NilClass,error: undefined method `first' for nil:NilClass
Omar,Divers,odivers6m@creativecommons.org,$2a$04$fCDDClzzolP4clP5T5QJcem.t68zCV7.86VVKdhqeT0BgGVrjtaEW,GOOGLE,5/15/2021,error: undefined method `first' for nil:NilClass,error: undefined method `first' for nil:NilClass
Ursuline,Skewis,uskewis6n@eventbrite.com,$2a$04$xzhBUCrKQ4RTlYuSuQLGDey7lSWHIzrlRvSjgcfjwzYjkYgZS2o7m,PASSWORD,4/25/2022,error: undefined method `first' for nil:NilClass,error: undefined method `first' for nil:NilClass
Kerry,Aronowicz,karonowicz6o@foxnews.com,$2a$04$2zaMk555ZGH0C2BpM7E65Oy8cQsZMnpRnPfSh3ysqOCtYc9a0/20K,GOOGLE,7/18/2022,error: undefined method `first' for nil:NilClass,error: undefined method `first' for nil:NilClass
Titus,Delaney,tdelaney6p@mozilla.org,$2a$04$h0n6h0Q23sMh2VGXfc4ITeDgbJaL3pg6UHDxqBWyfMDw3QI38F2Du,GOOGLE,5/6/2025,error: undefined method `first' for nil:NilClass,error: undefined method `first' for nil:NilClass
Robin,Stocks,rstocks6q@odnoklassniki.ru,$2a$04$ZoVdOll/APIc3.34IvYZtOhQWZXSHtBVPxLiL9EMtkaECD22iXWJm,PASSWORD,2/19/2023,error: undefined method `first' for nil:NilClass,error: undefined method `first' for nil:NilClass
Bernarr,McFarlane,bmcfarlane6r@xing.com,$2a$04$rK095JG3q5R2.uNvvXk3OegASHLQznXmOyekQHgxt8XVsTAF4n0PS,GOOGLE,9/17/2017,error: undefined method `first' for nil:NilClass,error: undefined method `first' for nil:NilClass
Esdras,Errichi,eerrichi6s@businessinsider.com,$2a$04$4YoWFZWtTLS3ckKMEgt9/ewEvwex5Kd6WWb6cdVWEd1/OY/uvBmjK,PASSWORD,9/3/2025,error: undefined method `first' for nil:NilClass,error: undefined method `first' for nil:NilClass
Mel,Gregh,mgregh6t@indiegogo.com,$2a$04$6HkW8Zxg9hAl9MF8AUA.8OuZbXJiZZ9Pik2JN8PbcsfVYbDvzQvGC,PASSWORD,7/5/2019,error: undefined method `first' for nil:NilClass,error: undefined method `first' for nil:NilClass
Michele,Hearley,mhearley6u@huffingtonpost.com,$2a$04$j.NkZh4Z4KXPSId0vzk.7OH8Bnu8GeDG0BXjYpwcYCyhPQC7MzLLa,GOOGLE,8/25/2026,error: undefined method `first' for nil:NilClass,error: undefined method `first' for nil:NilClass
Dix,Gudd,dgudd6v@youtube.com,$2a$04$6jJwMN0yGFJqLEumHaiRL.OUDl82Wams6FD8ADOBAZB5dBWuXvumS,PASSWORD,1/4/2025,error: undefined method `first' for nil:NilClass,error: undefined method `first' for nil:NilClass
Barron,Broxholme,bbroxholme6w@domainmarket.com,$2a$04$kMwW/DZg0O03.veWWn6MA.A9aly7Y6WEbC3Vb9O/Kbo.a0BsAooH.,GOOGLE,1/5/2025,error: undefined method `first' for nil:NilClass,error: undefined method `first' for nil:NilClass
Allard,Bretelle,abretelle6x@tmall.com,$2a$04$0h1oL4tmMrop6xxeFdlZl.7R0qiY89h57SVWfkdEdOhgQ92jr08Bu,PASSWORD,2/10/2017,error: undefined method `first' for nil:NilClass,error: undefined method `first' for nil:NilClass
Alia,Passfield,apassfield6y@bing.com,$2a$04$joRh5sVHYw2FlMm.QOSKrOX9IMmSqKjJiG8b4ABdrOS5OmV4AkiKm,PASSWORD,3/16/2019,error: undefined method `first' for nil:NilClass,error: undefined method `first' for nil:NilClass
Emilie,Leese,eleese6z@naver.com,$2a$04$qew3bpnaV4eGGO/F3BkDq.fNqiOqdJlsP833.s1Gv0znSGoexq.7W,GOOGLE,3/17/2021,error: undefined method `first' for nil:NilClass,error: undefined method `first' for nil:NilClass
Tarah,Probetts,tprobetts70@va.gov,$2a$04$9GqdMVlDS1AEAmQxRh7zOOkXwbt0QpiOJy7shtqrVj6mCKtbPgLo.,GOOGLE,5/9/2025,error: undefined method `first' for nil:NilClass,error: undefined method `first' for nil:NilClass
Reginauld,Manklow,rmanklow71@latimes.com,$2a$04$rs39bRYLUmHqd0R1B/oh7eMREht5KDZn6sahVikBA82ib5nExp3Ni,PASSWORD,5/22/2026,error: undefined method `first' for nil:NilClass,error: undefined method `first' for nil:NilClass
Abey,Exeter,aexeter72@nyu.edu,$2a$04$R36/OvbFWEXENc4VXq/Fwud0HjPGXEv4Q6ULQHW1QrMb/DvQUb4hW,GOOGLE,3/15/2020,error: undefined method `first' for nil:NilClass,error: undefined method `first' for nil:NilClass
Margarita,Marnane,mmarnane73@apache.org,$2a$04$3Gf9YAcCppz6ZLRloPjAU.d79bpgq/6WP5RDFY4bxRinEaOORZvQ2,GOOGLE,4/25/2026,error: undefined method `first' for nil:NilClass,error: undefined method `first' for nil:NilClass
Darcy,Ashburner,dashburner74@vinaora.com,$2a$04$ws372FisR8fMPBku0YyXgur9e1MXqdpZbqj/eYHlrs6ZleQYqfYcG,GOOGLE,7/3/2017,error: undefined method `first' for nil:NilClass,error: undefined method `first' for nil:NilClass
Kellyann,Badger,kbadger75@google.co.uk,$2a$04$kHIQXFUv4JWP3QMtc8VBgOXaIFj3glmbqCs3.eG7jdhiSpI3MUiia,PASSWORD,8/11/2019,error: undefined method `first' for nil:NilClass,error: undefined method `first' for nil:NilClass
Leila,Goodband,lgoodband76@exblog.jp,$2a$04$e7CESDhzmoro14hbB56Ca.cTlt4EdnP4MAQs0oiyMdgs2XldMQ1i.,GOOGLE,5/20/2017,error: undefined method `first' for nil:NilClass,error: undefined method `first' for nil:NilClass
Hort,Cowope,hcowope77@businessweek.com,$2a$04$LUfdNgNMOELELBq0w3ViQujViCqo.3rdC2bOMb5CBQ/nS7LG0Rim6,PASSWORD,6/15/2023,error: undefined method `first' for nil:NilClass,error: undefined method `first' for nil:NilClass
Willabella,Loudwell,wloudwell78@github.io,$2a$04$UInPRVumwUYOGv3KwNxoouYePsdRSGa49xNF4CB6H/3FZKVG1GFDe,GOOGLE,6/26/2020,error: undefined method `first' for nil:NilClass,error: undefined method `first' for nil:NilClass
Mitchell,Ralton,mralton79@businessinsider.com,$2a$04$Wm01IXs71G0xa7RMb5WCCeZ8VMPJnRwAZ5J/THWm69GkzooetzyYG,GOOGLE,4/29/2020,error: undefined method `first' for nil:NilClass,error: undefined method `first' for nil:NilClass
Jessie,Fairney,jfairney7a@un.org,$2a$04$wC/D22tuVIZwZEA7yERlHOSFku5tdScubgxeohdh0HSICuN3rmHI2,PASSWORD,7/26/2022,error: undefined method `first' for nil:NilClass,error: undefined method `first' for nil:NilClass
Nikolas,Yuryshev,nyuryshev7b@ustream.tv,$2a$04$HTRxKPCUY2xtXGRXLREPOuEpiFwCgjJeYWxVthhRJwuYacUyHceVm,GOOGLE,10/2/2021,error: undefined method `first' for nil:NilClass,error: undefined method `first' for nil:NilClass
Nealy,Craggs,ncraggs7c@squidoo.com,$2a$04$kWaJzip5wsAGcgAKCLDW.Ohz1vpLdO.dUUW.m1RD3onKnFU7FJz1O,PASSWORD,3/31/2017,error: undefined method `first' for nil:NilClass,error: undefined method `first' for nil:NilClass
Tammy,Lippitt,tlippitt7d@examiner.com,$2a$04$YEujp.PJMelccbt/fMUazuoa5N7GdF1thDIKVProKt.vumBywn5gG,PASSWORD,1/26/2022,error: undefined method `first' for nil:NilClass,error: undefined method `first' for nil:NilClass
Gwenni,MacKowle,gmackowle7e@ask.com,$2a$04$l4qs7gyxxiA/g/tQtGve4.6VgcCCxS34xFbT6UiVvBPgtQaevN9Fe,PASSWORD,9/22/2023,error: undefined method `first' for nil:NilClass,error: undefined method `first' for nil:NilClass
Serene,Merit,smerit7f@gizmodo.com,$2a$04$O3452aKnl8BFNXbw2qhzfuGWG/vjYUBvk3rLRnwRBXo/ars/dS5Cu,GOOGLE,1/7/2024,error: undefined method `first' for nil:NilClass,error: undefined method `first' for nil:NilClass
Nathalia,Beran,nberan7g@sina.com.cn,$2a$04$EGqItT4ZGv5oIUbOktOrteVKbff6kHIseP1xzO2iZDE.0a6pQY6BC,GOOGLE,8/15/2024,error: undefined method `first' for nil:NilClass,error: undefined method `first' for nil:NilClass
Kellsie,Kershow,kkershow7h@bbb.org,$2a$04$oNlTsWOqR8IDPtZAHnsBd.uYqEchHbZEiJIeB8Ce8m3uChmVx/8Hq,PASSWORD,10/27/2015,error: undefined method `first' for nil:NilClass,error: undefined method `first' for nil:NilClass
Giavani,Skegg,gskegg7i@seesaa.net,$2a$04$AC993WnztjWuJAoTUfUoAOx2xfmIGJSYhQb34pf82hLqIOCT3jIPm,PASSWORD,11/18/2017,error: undefined method `first' for nil:NilClass,error: undefined method `first' for nil:NilClass
Etienne,Bliven,ebliven7j@trellian.com,$2a$04$9RyBzzRwKify/U1f.5K5hec2d23HaFcZS42LkTRbvgu2wlDhnuW4S,GOOGLE,5/4/2018,error: undefined method `first' for nil:NilClass,error: undefined method `first' for nil:NilClass
Malina,Abramovic,mabramovic7k@a8.net,$2a$04$aBHQ6GYwHF8IXJogwTFBxeWL7BOzCAcq9kxnWF/heh5W0ncieVaxC,GOOGLE,3/2/2024,error: undefined method `first' for nil:NilClass,error: undefined method `first' for nil:NilClass
Marietta,Baversor,mbaversor7l@google.ru,$2a$04$Wjdda8SiSqQADk3K2bSzSuHNdj9SO4NB28iZ2q0/paU6FBJF95AFO,PASSWORD,12/16/2019,error: undefined method `first' for nil:NilClass,error: undefined method `first' for nil:NilClass
Luisa,Misk,lmisk7m@twitter.com,$2a$04$lrZA.0/XSYaloykLneZGReucnHXih.bFTiiTm9VEeI2JDighX9oVq,PASSWORD,11/7/2019,error: undefined method `first' for nil:NilClass,error: undefined method `first' for nil:NilClass
Charles,O'Doireidh,codoireidh7n@vimeo.com,$2a$04$5LrltmpZ3lTEyP1TTMckq.iP0CZfw8u3KlWBZIqapSmGdLRcvJ5Rm,GOOGLE,9/4/2021,error: undefined method `first' for nil:NilClass,error: undefined method `first' for nil:NilClass
Mitchell,Bater,mbater7o@netscape.com,$2a$04$vGLJpsOqkFEj2TnbDeLO1eplXQoKbf8ikFER/i5acr1kbCc69iQva,PASSWORD,7/16/2024,error: undefined method `first' for nil:NilClass,error: undefined method `first' for nil:NilClass
Ann-marie,Drife,adrife7p@photobucket.com,$2a$04$cKH.NS57qH6EpjYy.t3lrOq2mhIaKUE2I4hW7dkVhNhb7gAic7ODi,PASSWORD,9/4/2015,error: undefined method `first' for nil:NilClass,error: undefined method `first' for nil:NilClass
Happy,Brumble,hbrumble7q@domainmarket.com,$2a$04$5uUCHrrjOklDnxADqY.LDedKp7DxervuBud.Zk0b6VQ45ZL7lZw7e,PASSWORD,6/6/2025,error: undefined method `first' for nil:NilClass,error: undefined method `first' for nil:NilClass
Kissiah,Andreutti,kandreutti7r@independent.co.uk,$2a$04$GCf0Cr8PmyGSJCO40ubyduRGHIoNGTox6Z/DxQMXRu9UvAczt3VgO,PASSWORD,12/12/2025,error: undefined method `first' for nil:NilClass,error: undefined method `first' for nil:NilClass
Thatcher,Rissom,trissom7s@about.me,$2a$04$OAmnnpMhZzXvvlXu2sfC1uqzOI1dGHWHQzeimOdXlfY0yxguF6e8G,GOOGLE,11/28/2018,error: undefined method `first' for nil:NilClass,error: undefined method `first' for nil:NilClass
Lynnet,Blackledge,lblackledge7t@mit.edu,$2a$04$aUxWGhZB4yytL4vXkzjkV.mz8KWToTNp//66C5YCiUlKD7u5rHO3m,GOOGLE,10/28/2026,error: undefined method `first' for nil:NilClass,error: undefined method `first' for nil:NilClass
Cornelius,Bohling,cbohling7u@bluehost.com,$2a$04$AzN4muYzL3FBmOU2tL88cum0zx2w0cAsCfy25tpjU/J/20YJbXnDa,PASSWORD,12/10/2016,error: undefined method `first' for nil:NilClass,error: undefined method `first' for nil:NilClass
Eadmund,Cusworth,ecusworth7v@51.la,$2a$04$GRpWwakX6HLPohu7m27.JuHjIHoIoWavCbtJhAc364Vwb2/f.CB8i,GOOGLE,8/5/2025,error: undefined method `first' for nil:NilClass,error: undefined method `first' for nil:NilClass
Ellwood,Semonin,esemonin7w@people.com.cn,$2a$04$qXixUkaQKGo6IJLUd2Lej.WDjMDRwabdq6qZZ4/g5evyvcqElTgde,PASSWORD,11/13/2015,error: undefined method `first' for nil:NilClass,error: undefined method `first' for nil:NilClass
Gal,Rainon,grainon7x@state.gov,$2a$04$VqL.zzmlin7WDsGBVLf45uUb5StopOHlkY9wMe0xT5CMvm0DHgdmu,GOOGLE,6/25/2020,error: undefined method `first' for nil:NilClass,error: undefined method `first' for nil:NilClass
Frayda,Genty,fgenty7y@illinois.edu,$2a$04$9FWERSRyGzkEp9XwuK/JSelxAcB9oa2kCRmBKnzGt8e0ARXsHWA0e,PASSWORD,6/16/2024,error: undefined method `first' for nil:NilClass,error: undefined method `first' for nil:NilClass
Rhodia,Ayree,rayree7z@hc360.com,$2a$04$vMWkwSkAn3FgjQYNT0MwTOqSM1r/K6Mvj8Ox6nmBu2Q.IdoEwFkni,PASSWORD,8/5/2026,error: undefined method `first' for nil:NilClass,error: undefined method `first' for nil:NilClass
Howey,Dunkerley,hdunkerley80@loc.gov,$2a$04$uWwjN2RX/c0ZXNfZHOWBnOf/ZPpl3YYAiilP3ZkbkeulKuhM4585i,GOOGLE,6/24/2021,error: undefined method `first' for nil:NilClass,error: undefined method `first' for nil:NilClass
Parry,Avrashin,pavrashin81@naver.com,$2a$04$U1UpzTEorFP.HZ3WIDH4CuoDoA8qRa9tg7ZxDmELHVK5qOvBZhwSm,GOOGLE,1/4/2020,error: undefined method `first' for nil:NilClass,error: undefined method `first' for nil:NilClass
Lucille,Clausen-Thue,lclausenthue82@vkontakte.ru,$2a$04$1yM/VUhaFqstWJSANbTt1ewFVVRyruB9/mbbhhi4Yhl054uTegCOC,GOOGLE,1/8/2022,error: undefined method `first' for nil:NilClass,error: undefined method `first' for nil:NilClass
Dell,Selway,dselway83@fda.gov,$2a$04$H32FdQM4g3sjQJeH9oXYwOF.0LMi60NaALGSJVFE09vCWATRNGHcy,GOOGLE,6/22/2018,error: undefined method `first' for nil:NilClass,error: undefined method `first' for nil:NilClass
Idalina,Betser,ibetser84@simplemachines.org,$2a$04$vpzJWHwnYjXp9JFTpvOG/eWpKZ6791SLODEmMcSCrdWmWH1t6Etn.,GOOGLE,10/22/2016,error: undefined method `first' for nil:NilClass,error: undefined method `first' for nil:NilClass
Tyson,Fennessy,tfennessy85@fc2.com,$2a$04$Ej78I5mROCsaYLNthaPmW.JaJXPaaHPZwMJB3S/mhqWEFfUp6OFRS,PASSWORD,6/17/2018,error: undefined method `first' for nil:NilClass,error: undefined method `first' for nil:NilClass
Torrance,Janeczek,tjaneczek86@sphinn.com,$2a$04$0Qs7Y/p/f3xkDIGYjopKAOlfh.9x3jWnyPpM2VENpoSHP5ZB3ypLq,PASSWORD,1/3/2026,error: undefined method `first' for nil:NilClass,error: undefined method `first' for nil:NilClass
Joly,Milberry,jmilberry87@elegantthemes.com,$2a$04$rATa0cxg8xhhBUKfhVYaBelCq3rXZBdtruqbTd7faUEB1kfAwPCa.,GOOGLE,12/30/2016,error: undefined method `first' for nil:NilClass,error: undefined method `first' for nil:NilClass
Phil,Leyshon,pleyshon88@fastcompany.com,$2a$04$KYV3iGOrN89EPJpaASzdouJ8O6pYEytApNcZ9V0KwpgXYvF8e.8NC,GOOGLE,2/3/2023,error: undefined method `first' for nil:NilClass,error: undefined method `first' for nil:NilClass
Gregg,Klambt,gklambt89@joomla.org,$2a$04$ewzoZohv7bfDb9FRkREJ..83f6.PPyxt1mE1InLYphbrKbsXcCVnS,PASSWORD,3/9/2023,error: undefined method `first' for nil:NilClass,error: undefined method `first' for nil:NilClass
Henriette,Seebert,hseebert8a@bbb.org,$2a$04$hJlv19UzXutps0FlO6OuTOjYFpzX5bXMKkIEeDvkiHdqAijo05OrK,GOOGLE,1/21/2017,error: undefined method `first' for nil:NilClass,error: undefined method `first' for nil:NilClass
Jabez,Kaasman,jkaasman8b@wikipedia.org,$2a$04$qSckOx1ZGK4axJh/RFYGi.wkxntEZSZNE0aQkUrKWqfD6GaNswvJO,PASSWORD,11/10/2021,error: undefined method `first' for nil:NilClass,error: undefined method `first' for nil:NilClass
Zulema,Lympany,zlympany8c@sohu.com,$2a$04$hH8gTtGNttzQ0IxZfR81B.Ubn9WybwDqsOHpufxB9K3QfYwffqmby,GOOGLE,4/6/2022,error: undefined method `first' for nil:NilClass,error: undefined method `first' for nil:NilClass
Rafaelita,Autie,rautie8d@xrea.com,$2a$04$ctzvtBeYzOK9Pwumk4G/seWs9X2Ge4Y9hHwAXHDPppzEgNPZghORO,PASSWORD,11/25/2018,error: undefined method `first' for nil:NilClass,error: undefined method `first' for nil:NilClass
Kendal,Tomsa,ktomsa8e@upenn.edu,$2a$04$vUchL0kcuxAksgzXDJq1e.jLs4ndIQkkkY2pddxxbdl4KjDWUQSWO,PASSWORD,1/30/2017,error: undefined method `first' for nil:NilClass,error: undefined method `first' for nil:NilClass
Cariotta,Hudghton,chudghton8f@washington.edu,$2a$04$1zBToGY.Dftm.W/NJ6HP/untoAkHxvY6jYujBAjziNTwROy5OBvdy,PASSWORD,7/30/2018,error: undefined method `first' for nil:NilClass,error: undefined method `first' for nil:NilClass
Reynolds,Rendell,rrendell8g@booking.com,$2a$04$s8BKw5Q9z/7ksHbHvUFuA.kj/qjVDmcOcFojr/9i6kce9aLTHluM.,PASSWORD,12/14/2022,error: undefined method `first' for nil:NilClass,error: undefined method `first' for nil:NilClass
Essie,Lorraine,elorraine8h@tumblr.com,$2a$04$pQw6CA3cvPRlkK2vSLSZWO8vRHSaE0.OUwK9gAkKdy1fdwBfwEvcu,GOOGLE,4/9/2025,error: undefined method `first' for nil:NilClass,error: undefined method `first' for nil:NilClass
Barbey,Ruzek,bruzek8i@google.es,$2a$04$RFdx.EV3wUpQRGpfgElzeuq7lK.qGJTyjTJi9LOun4uM73hFlKpb.,GOOGLE,5/3/2015,error: undefined method `first' for nil:NilClass,error: undefined method `first' for nil:NilClass
Brittaney,Artinstall,bartinstall8j@elpais.com,$2a$04$bu9xfQ.b5wouFYlTpfzkB.ccY.vvBLFTWu./gpm10kvkMtMyfAE4G,GOOGLE,1/20/2016,error: undefined method `first' for nil:NilClass,error: undefined method `first' for nil:NilClass
Amelita,Mcettrick,amcettrick8k@aol.com,$2a$04$RXN7DF.T41DVyZiQrxcWEeGUEEDDOaZ7PKoIg1TzBQCOwZQos6CcO,PASSWORD,9/19/2016,error: undefined method `first' for nil:NilClass,error: undefined method `first' for nil:NilClass
Helaine,Asman,hasman8l@addthis.com,$2a$04$x8DWlUlveH0jXqsb9qje.OpzyV9A/y.tF1ytr4WoOyolFvP1dEF2C,PASSWORD,8/25/2023,error: undefined method `first' for nil:NilClass,error: undefined method `first' for nil:NilClass
Evvy,Mickelwright,emickelwright8m@nasa.gov,$2a$04$eOJYfHHjivY9KllyHyCeSeZcgPwo82FRH3.KRGjesgoxwWYnheICG,GOOGLE,1/16/2026,error: undefined method `first' for nil:NilClass,error: undefined method `first' for nil:NilClass
Ramonda,Connors,rconnors8n@hubpages.com,$2a$04$LSrFUnBAnIUaReQ8nZxF.eBieNC/tNFd16nUriv6pHNMsCVW6rU6m,GOOGLE,7/29/2023,error: undefined method `first' for nil:NilClass,error: undefined method `first' for nil:NilClass
Gav,Crowhurst,gcrowhurst8o@cargocollective.com,$2a$04$rT/bf4UIiCNpk7nOtnm8uON/0.J/MauyLZBK/OIEyFtmqI8Zn2xE6,GOOGLE,4/7/2016,error: undefined method `first' for nil:NilClass,error: undefined method `first' for nil:NilClass
Gunther,Laxtonne,glaxtonne8p@businessinsider.com,$2a$04$PUbT.hfUVLr8jLM5rEFAauPYIJdRv/SAU25DU28XfA0sbsu0A/bxW,GOOGLE,12/27/2025,error: undefined method `first' for nil:NilClass,error: undefined method `first' for nil:NilClass
Aldous,Gardner,agardner8q@yandex.ru,$2a$04$aLkXfjnPkFd3aRADdppL2essmJQiuQarfMg50ZQqKn509.n0pUa8e,GOOGLE,12/31/2021,error: undefined method `first' for nil:NilClass,error: undefined method `first' for nil:NilClass
Salim,Irwin,sirwin8r@hexun.com,$2a$04$Sb1pK.SX96532hA9S2RxIOITasncAPtAddVOceOGhluS7mDKwU3gq,GOOGLE,6/1/2025,error: undefined method `first' for nil:NilClass,error: undefined method `first' for nil:NilClass
Karlene,Killelay,kkillelay8s@techcrunch.com,$2a$04$2vVOu8wEuqI1AQRFHIOxsOr6UiJzUgX0gcnjWMnYr7ASo5EEoOtQa,GOOGLE,5/10/2015,error: undefined method `first' for nil:NilClass,error: undefined method `first' for nil:NilClass
Vernon,Nowick,vnowick8t@lulu.com,$2a$04$OQhk5.IkXp2jQucZ9DGrZ./XyUHz9TAnbTXvIufjnYCwIGsK07fU.,PASSWORD,3/31/2026,error: undefined method `first' for nil:NilClass,error: undefined method `first' for nil:NilClass
Gaby,Flaunier,gflaunier8u@mtv.com,$2a$04$FGGO5YYVCrJKz0Gf9/vEZuDfC6VBHlXVNDeJMltOViwcvsQMA3KPK,PASSWORD,7/27/2017,error: undefined method `first' for nil:NilClass,error: undefined method `first' for nil:NilClass
Ursa,Lenthall,ulenthall8v@deviantart.com,$2a$04$VnvFPj2zxy6Xg0ZKIrAPbOIe2EugCDGC8SqGZn/0vhmACdModSY6C,GOOGLE,1/31/2019,error: undefined method `first' for nil:NilClass,error: undefined method `first' for nil:NilClass
Chaim,Delacourt,cdelacourt8w@yellowbook.com,$2a$04$00wl3OJA7/3sVsN6KCIeD..XEm5bGuhxiwU55EsrVZBdr7IdYltAK,GOOGLE,12/21/2018,error: undefined method `first' for nil:NilClass,error: undefined method `first' for nil:NilClass
Alikee,Hindenberger,ahindenberger8x@yahoo.com,$2a$04$G3/LvTLL5CtOZYa1CmFO5usvvRoPKfQUZLUYoPUzrS7p6zAKyTx/S,GOOGLE,1/17/2015,error: undefined method `first' for nil:NilClass,error: undefined method `first' for nil:NilClass
Sheila,Dye,sdye8y@mozilla.com,$2a$04$g75fIosi7bNxx9jKCeLvae8sBME2yzf0xO2GcgcEodHZBHUtfC9zS,PASSWORD,8/9/2021,error: undefined method `first' for nil:NilClass,error: undefined method `first' for nil:NilClass
Ema,Karle,ekarle8z@acquirethisname.com,$2a$04$9xVxdNQ31NDvaP0f9towCu/fgDpAhkYLz162./jj0FrBFbklRcJpO,GOOGLE,12/31/2019,error: undefined method `first' for nil:NilClass,error: undefined method `first' for nil:NilClass
Doralynn,McCarter,dmccarter90@wisc.edu,$2a$04$FAGowHy6R4RtlbyoGxjJYO01pdbXWjTqnXjBDpyqDvvHoQxY46KS.,PASSWORD,9/7/2023,error: undefined method `first' for nil:NilClass,error: undefined method `first' for nil:NilClass
Conrado,Montes,cmontes91@oaic.gov.au,$2a$04$.TsQ7eO2qEy/Ie6LHLQc2O9nolQXPgnOeHwkjywPMXHj2Isu63UNK,GOOGLE,1/17/2024,error: undefined method `first' for nil:NilClass,error: undefined method `first' for nil:NilClass
Desiree,Attreed,dattreed92@joomla.org,$2a$04$yZIj.JSxC3lyk95E7qY9se/iBGI2xrl2ibM4cGiKZdiojnUjd.qxy,PASSWORD,6/4/2021,error: undefined method `first' for nil:NilClass,error: undefined method `first' for nil:NilClass
Meryl,Osgar,mosgar93@ycombinator.com,$2a$04$UucHqRNQND092irb4TtUyOJE6aPoFfnDZ9aSabycpWMkY3nK7Q9pa,GOOGLE,1/8/2021,error: undefined method `first' for nil:NilClass,error: undefined method `first' for nil:NilClass
Joice,Noden,jnoden94@ucoz.com,$2a$04$OktvhWdM5MJ4xKUdUFrQHe6sDxq6g42/gZycDJDCVhnA2XXbVi0Rq,GOOGLE,5/18/2018,error: undefined method `first' for nil:NilClass,error: undefined method `first' for nil:NilClass
Mufinella,Necrews,mnecrews95@walmart.com,$2a$04$xImcpJmuu6pGc8IwdcfVQur33UWGa02QgqcWFKk7F9w7Zs/U.CLvK,PASSWORD,10/28/2023,error: undefined method `first' for nil:NilClass,error: undefined method `first' for nil:NilClass
Jarret,Sibley,jsibley96@google.com.hk,$2a$04$DzBZ3XN2Ym1Np/YXSpqp9.ZrORvCaZ/NjKCq/0ML0uOFZkg8FuVpi,GOOGLE,10/6/2021,error: undefined method `first' for nil:NilClass,error: undefined method `first' for nil:NilClass
Gabriel,Empson,gempson97@cyberchimps.com,$2a$04$fdF.lLPEy64KixIEyAK6XOowTnvoJmtKm/V55IibE.H/imLOXaHD2,GOOGLE,10/29/2015,error: undefined method `first' for nil:NilClass,error: undefined method `first' for nil:NilClass
Gasper,McGorman,gmcgorman98@sakura.ne.jp,$2a$04$3Hklyhe8JyHshOp8BIpHmeIfCJd7/b6f3hZhKzY3PrLExKLw7o9v6,PASSWORD,7/25/2021,error: undefined method `first' for nil:NilClass,error: undefined method `first' for nil:NilClass
Gregor,Craigg,gcraigg99@irs.gov,$2a$04$fnUtr/QpseMrc.MkS7SezOx4C3hUqDVx8OLB3iHZgsxSXeYW6/bCe,GOOGLE,11/14/2019,error: undefined method `first' for nil:NilClass,error: undefined method `first' for nil:NilClass
Gussie,Bowes,gbowes9a@si.edu,$2a$04$1Dm0QAzvN7UnyyFIBLFbxu/Fz8iKZXIbRbL05GpD9TpUYf2pq1G8S,GOOGLE,5/7/2017,error: undefined method `first' for nil:NilClass,error: undefined method `first' for nil:NilClass
Else,Raybould,eraybould9b@cloudflare.com,$2a$04$W1JGqwIrP/EmN8rs7g9JrOiwB/WNT0GFvzGEe04g400WmJi8PZM/m,PASSWORD,8/9/2016,error: undefined method `first' for nil:NilClass,error: undefined method `first' for nil:NilClass
Doe,Worviell,dworviell9c@wufoo.com,$2a$04$df05tkNRiK9EKqUGm8T9u.GuhjQRUoqggzmrlSYHFC99CwyqVLcNW,PASSWORD,3/6/2025,error: undefined method `first' for nil:NilClass,error: undefined method `first' for nil:NilClass
Merilyn,Wandless,mwandless9d@alexa.com,$2a$04$HU6wWMqXh5v6FQZI7pj3rOGDaU2mRA/o72rZw7zctNxtZTYv5dEce,GOOGLE,5/2/2020,error: undefined method `first' for nil:NilClass,error: undefined method `first' for nil:NilClass
Ricki,Sinton,rsinton9e@zdnet.com,$2a$04$RoSwuqYaDwGV3KljpvOv/eSIMPmRvC2YbV/esAaHFbdxSw5A4IC7y,PASSWORD,8/20/2023,error: undefined method `first' for nil:NilClass,error: undefined method `first' for nil:NilClass
Lonni,Whatley,lwhatley9f@cloudflare.com,$2a$04$5uc9t5vKjnadk5HCS24KLOsx9I8kzNROhX.Q0lNf6mym0CdCrupM6,PASSWORD,6/8/2017,error: undefined method `first' for nil:NilClass,error: undefined method `first' for nil:NilClass
Maddy,Kimmel,mkimmel9g@wisc.edu,$2a$04$FC/U.tRydq9SPtG8Syuc/OpMU6D9q27qEfouBaDw7zrC3tem9btJ.,PASSWORD,7/2/2023,error: undefined method `first' for nil:NilClass,error: undefined method `first' for nil:NilClass
Jesselyn,Freezer,jfreezer9h@purevolume.com,$2a$04$EUuNHrVV08xTEV2xh/6XMOOgagYDxrQVIInipsu/YT/bxxpOyxRwa,GOOGLE,8/10/2023,error: undefined method `first' for nil:NilClass,error: undefined method `first' for nil:NilClass
Alonso,Perkin,aperkin9i@twitter.com,$2a$04$xK6FBxXYkJ34Q3iCXJYYXudI/XmWGYFp1btQ6JHhuq4cWoe3w8EaC,PASSWORD,6/9/2022,error: undefined method `first' for nil:NilClass,error: undefined method `first' for nil:NilClass
Alisa,Blaine,ablaine9j@va.gov,$2a$04$995xLUc9BKP6e0TF2siz7O3MEFGUo1T9tSuynwUpN5j.lGm7b.tqC,PASSWORD,9/28/2015,error: undefined method `first' for nil:NilClass,error: undefined method `first' for nil:NilClass
Whitney,Baptist,wbaptist9k@parallels.com,$2a$04$coQEJHL5QelAPSrb95ghAuGZCThEi8vhW7dlwzSlE2WwfGzbZIFfy,GOOGLE,3/9/2026,error: undefined method `first' for nil:NilClass,error: undefined method `first' for nil:NilClass
Byram,Dewi,bdewi9l@dyndns.org,$2a$04$CViNlBHXqckhSzl0kQhJhOjMK/omdUamUCMTGv0C9G3tOqYb6eAUa,GOOGLE,6/23/2021,error: undefined method `first' for nil:NilClass,error: undefined method `first' for nil:NilClass
Millard,Boick,mboick9m@pinterest.com,$2a$04$sWaaxGloIPruuqLn1zHYLO2GRAWwhAl4CiXW337F2bibOpaD3Xogm,PASSWORD,12/6/2025,error: undefined method `first' for nil:NilClass,error: undefined method `first' for nil:NilClass
Gibbie,Gellion,ggellion9n@free.fr,$2a$04$sBBuTZ2tC5yOX48WoHOKr.rUGifjSZymyRjRoyFpJCGNOZJKDonki,PASSWORD,9/17/2015,error: undefined method `first' for nil:NilClass,error: undefined method `first' for nil:NilClass
Karen,Bust,kbust9o@cam.ac.uk,$2a$04$i03zcLpZACpmJ6Afke7HAOlPX4EjPm9tftiu8Ws0.h2O/GEC5Ol0K,GOOGLE,5/17/2016,error: undefined method `first' for nil:NilClass,error: undefined method `first' for nil:NilClass
Alasteir,Chard,achard9p@feedburner.com,$2a$04$FP2jRovSRLq5OA107w52s.fixY8xQgTDaPwfZWE9UV4I9R1cKq9ze,PASSWORD,9/12/2021,error: undefined method `first' for nil:NilClass,error: undefined method `first' for nil:NilClass
Benni,Chancelier,bchancelier9q@imageshack.us,$2a$04$TgF4Ei9rgmQnWtsrBGdfG.mVk4zWpUEezSht0SHezHDlRwg7KgdQm,PASSWORD,8/24/2016,error: undefined method `first' for nil:NilClass,error: undefined method `first' for nil:NilClass
Chloris,Checcucci,ccheccucci9r@abc.net.au,$2a$04$ZAzVAzUQKVV6x77/NGhFB.5CUPvgEZdIv66sdjmRGVTAXgDqk0Deq,PASSWORD,3/12/2022,error: undefined method `first' for nil:NilClass,error: undefined method `first' for nil:NilClass
Mathilde,Verrier,mverrier9s@google.com.br,$2a$04$90RfcuFQaV2zc45Gso0oWOsptl5vNLSHdZDUWV7UDsPdcVJmoUwmm,GOOGLE,10/20/2016,error: undefined method `first' for nil:NilClass,error: undefined method `first' for nil:NilClass
Orelee,Bircher,obircher9t@slate.com,$2a$04$dHqWNvrJ4lB/wpXbFfObXO875X3GzvNWVljO67SftyRww/6lrdbGa,PASSWORD,5/10/2015,error: undefined method `first' for nil:NilClass,error: undefined method `first' for nil:NilClass
Janenna,Mc Mechan,jmcmechan9u@indiegogo.com,$2a$04$ahRrjZqWYn45M/mea4/M9eSvyTGtpKistvjVKkxSwFoiKr2XU.zb6,GOOGLE,8/7/2017,error: undefined method `first' for nil:NilClass,error: undefined method `first' for nil:NilClass
Ethelin,Janicki,ejanicki9v@behance.net,$2a$04$Z2N.6WRtmHaokC09gwoazOsT15kyXnafcXfBMKxTGSdZxGhh8RssS,PASSWORD,3/7/2020,error: undefined method `first' for nil:NilClass,error: undefined method `first' for nil:NilClass
Sly,Pablos,spablos9w@last.fm,$2a$04$4benDwa1DkIrC0kJQHkr2.6jslKSzTJUSMNG1Yajq2.7sqKWrLTFC,GOOGLE,4/10/2016,error: undefined method `first' for nil:NilClass,error: undefined method `first' for nil:NilClass
Rosene,Sawden,rsawden9x@boston.com,$2a$04$VBf3JV3LM2rUdtRqrVWvdeXO5XrHMJz9cedTFUBazlE70T9kwH9wa,PASSWORD,5/18/2021,error: undefined method `first' for nil:NilClass,error: undefined method `first' for nil:NilClass
Kaela,Sturton,ksturton9y@apache.org,$2a$04$T8OnzBGTFrQZOGAVBYl1F.jNc5Y0obxqE.2FJ4rMf5f7gPegcZcje,PASSWORD,12/11/2022,error: undefined method `first' for nil:NilClass,error: undefined method `first' for nil:NilClass
Selie,Jedrychowski,sjedrychowski9z@thetimes.co.uk,$2a$04$YeADJkK08hMKkVZVnZZQGOOSgv3SnBYkyEovLRIBOMQbMULBtvjwG,GOOGLE,12/22/2022,error: undefined method `first' for nil:NilClass,error: undefined method `first' for nil:NilClass
Kassandra,Lucus,klucusa0@comcast.net,$2a$04$3wfwFXGiphREqUlhMdpC3Oi6vKRTLjPIaj0.0QIOPtUcXJ1hHH.UW,PASSWORD,5/13/2020,error: undefined method `first' for nil:NilClass,error: undefined method `first' for nil:NilClass
Babita,Ricardou,bricardoua1@mit.edu,$2a$04$4KHftlCl9U5o8Z0srPGrnuEwElGJnjbRBgxIBE9fUZLRJ.VQa2XIu,PASSWORD,9/20/2024,error: undefined method `first' for nil:NilClass,error: undefined method `first' for nil:NilClass
Jasen,Lecordier,jlecordiera2@tamu.edu,$2a$04$i1U6XLHtWxwV7VaDckABQet00.BW4/xw84OIYDYMxe.imRIVK2XCq,PASSWORD,11/17/2021,error: undefined method `first' for nil:NilClass,error: undefined method `first' for nil:NilClass
Ardelia,Stockley,astockleya3@forbes.com,$2a$04$0cab/qugfGGSbQ7AHXznbeewKAcLbsxyfJ00TJnk4MT47o34sB/v6,GOOGLE,12/23/2021,error: undefined method `first' for nil:NilClass,error: undefined method `first' for nil:NilClass
Gallagher,Testin,gtestina4@wp.com,$2a$04$0IsVgwRQSy03/4Nf1xlo..OofLwDn32FQeqdwNhsoEjHzRzk1OvAO,GOOGLE,10/11/2020,error: undefined method `first' for nil:NilClass,error: undefined method `first' for nil:NilClass
Winfred,Petrillo,wpetrilloa5@slideshare.net,$2a$04$XgRJRhV97LEosOxGjFayPuR09VgKqMtxnQz31rAeupyOUWn42VgBS,GOOGLE,7/22/2025,error: undefined method `first' for nil:NilClass,error: undefined method `first' for nil:NilClass
Jessamine,Verrill,jverrilla6@ycombinator.com,$2a$04$95Ns4Y34f7/bFVEEw9uX7Oe/QA0DmEARJqRbORVDvv83PkoMneHCq,GOOGLE,12/27/2023,error: undefined method `first' for nil:NilClass,error: undefined method `first' for nil:NilClass
Aymer,Irving,airvinga7@forbes.com,$2a$04$HVursvM4gMgeVC2Z.N0Vge4uKBZ.TEcKSEMqvHWRO9EkBpVLtEMKu,GOOGLE,2/20/2017,error: undefined method `first' for nil:NilClass,error: undefined method `first' for nil:NilClass
Noelani,Borley,nborleya8@zimbio.com,$2a$04$87ispZD7QAzgf61O7uWgBOmQV6Gy0odaYlZhB5NwKj1jW8HrmsT9a,PASSWORD,5/19/2022,error: undefined method `first' for nil:NilClass,error: undefined method `first' for nil:NilClass
Irma,Colvine,icolvinea9@ovh.net,$2a$04$PlesYoxcXwxaus3AfeZlMuuVvHVYfJM2ksdg8DqTRjhW46VmOVqm.,GOOGLE,6/29/2017,error: undefined method `first' for nil:NilClass,error: undefined method `first' for nil:NilClass
Rooney,MacConnal,rmacconnalaa@theatlantic.com,$2a$04$IwzLdY8mgSkUijzJTA7aFuTr0yHzsPjoKohN81zFroMM/ygig7Kha,GOOGLE,7/11/2019,error: undefined method `first' for nil:NilClass,error: undefined method `first' for nil:NilClass
Otha,Moiser,omoiserab@psu.edu,$2a$04$ixbbo0lHlKXA3nw1DtLZ7esHBwzb1WxDnb7x0wFfrOHh3V/FKTw7S,GOOGLE,10/28/2017,error: undefined method `first' for nil:NilClass,error: undefined method `first' for nil:NilClass
Kendal,Merrisson,kmerrissonac@fema.gov,$2a$04$XINtGhVoKUxm.y2jROVIt.wYdOWUuASlAjoaRMxa2VcwLFy28nYqe,GOOGLE,1/14/2020,error: undefined method `first' for nil:NilClass,error: undefined method `first' for nil:NilClass
Derron,Attrey,dattreyad@ebay.co.uk,$2a$04$oXsFmWfB7wCIta5etQgEvOc94xvtpbzuxq9DdixqSu4pRzMtGBtKO,GOOGLE,10/21/2019,error: undefined method `first' for nil:NilClass,error: undefined method `first' for nil:NilClass
Orville,Kelshaw,okelshawae@theatlantic.com,$2a$04$RFKtfViLBNlMEs4ImuFXIObC.SsIPPNNnrqYlNj2wTKvngg0r3VG2,GOOGLE,1/8/2025,error: undefined method `first' for nil:NilClass,error: undefined method `first' for nil:NilClass
Lana,Culmer,lculmeraf@icio.us,$2a$04$PbOlTZev0.oWzpWlOup8Me.2ZsEDtMaESQgzOLJW0yNRRJvpyBs4W,GOOGLE,4/2/2019,error: undefined method `first' for nil:NilClass,error: undefined method `first' for nil:NilClass
Joey,Zemler,jzemlerag@nba.com,$2a$04$at7lxN84JFpBljvIiJbNfekQi6UzdS8GpTvRuF/H9qYumNkdOdThq,PASSWORD,10/26/2017,error: undefined method `first' for nil:NilClass,error: undefined method `first' for nil:NilClass
Danielle,Blasdale,dblasdaleah@hexun.com,$2a$04$wprJwvipQIQwZzg2kV5vZ.TR.mSWfuZ7gUz6jMOXejHX5hXhvHTKe,GOOGLE,10/9/2019,error: undefined method `first' for nil:NilClass,error: undefined method `first' for nil:NilClass
Lorenzo,Jereatt,ljereattai@topsy.com,$2a$04$eCcz0eSilqOu9IeL4cxSb.q3EmP6KKygfiURm5cVI6uUi8TeMCRMi,GOOGLE,12/31/2018,error: undefined method `first' for nil:NilClass,error: undefined method `first' for nil:NilClass
Hilarius,Saipy,hsaipyaj@webmd.com,$2a$04$8oe6bkTKWlNocbvBOLVMB.Thb7L0h4ZBjmIRFPobRDlf8o1GxffzS,PASSWORD,10/29/2020,error: undefined method `first' for nil:NilClass,error: undefined method `first' for nil:NilClass
Renelle,Giorgini,rgiorginiak@comsenz.com,$2a$04$mMGzuc.LxARphPmj7P18Y.CXvS07yQPNXlAwX6u0XdUdIBWd9mRgO,GOOGLE,12/10/2021,error: undefined method `first' for nil:NilClass,error: undefined method `first' for nil:NilClass
Dorine,Rubenov,drubenoval@wired.com,$2a$04$8KCS7epU.2hVkYfifJJNu.xDi7WuV9ojOHbAaSj.NAmkelPz4mnC.,GOOGLE,12/3/2016,error: undefined method `first' for nil:NilClass,error: undefined method `first' for nil:NilClass
Aline,Jarmaine,ajarmaineam@vkontakte.ru,$2a$04$mEYsf9Y0s0Irne5mdZHlsOfWKxP8ygniJgJ.N4ETL6PC7xsRoeQwS,PASSWORD,6/26/2021,error: undefined method `first' for nil:NilClass,error: undefined method `first' for nil:NilClass
Vilhelmina,Petyankin,vpetyankinan@noaa.gov,$2a$04$syL1fY0ANmnST7rUw5JsQOk8FvyknV8/SXNDN7Lyx27fueXOkedWm,PASSWORD,10/10/2017,error: undefined method `first' for nil:NilClass,error: undefined method `first' for nil:NilClass
Kylynn,Brookbank,kbrookbankao@angelfire.com,$2a$04$x1bU4cX8c4Y.jN/YXrNRguVCvzsPOJsvo1EoqHu1QrGzACO9X6fle,PASSWORD,8/11/2020,error: undefined method `first' for nil:NilClass,error: undefined method `first' for nil:NilClass
Nathanil,Ordelt,nordeltap@cocolog-nifty.com,$2a$04$ogmnsy.fiCtjmTwVcC4O1emKhEtchFdEnWj1LZh2Tl.L9Rnb7d7RK,GOOGLE,11/26/2026,error: undefined method `first' for nil:NilClass,error: undefined method `first' for nil:NilClass
Rhett,Peterkin,rpeterkinaq@trellian.com,$2a$04$xv0RE9917MPWbeUg6.QHOOYoyb1CrYHAFnLleW53whK4YC5GqGIa6,GOOGLE,1/2/2026,error: undefined method `first' for nil:NilClass,error: undefined method `first' for nil:NilClass
Hamilton,Moat,hmoatar@gmpg.org,$2a$04$ulrD9H1pQ9HEMfwQXnmB0.zb4MD9d6XJMs.BW7gz0YAh.csotyMuK,PASSWORD,4/27/2025,error: undefined method `first' for nil:NilClass,error: undefined method `first' for nil:NilClass
Chas,Swoffer,cswofferas@multiply.com,$2a$04$rL0ghFvoYGIfDvHIINgayeoWS6AMylqVGwvuoTicbQuPJkl2rj3rG,GOOGLE,10/20/2017,error: undefined method `first' for nil:NilClass,error: undefined method `first' for nil:NilClass
Danyette,Kindred,dkindredat@mapquest.com,$2a$04$P/mcDZG/uaXKSL4SujUOquv1jRW78J0Dq0lwLDIUT.NS/0/Zb025W,GOOGLE,9/10/2020,error: undefined method `first' for nil:NilClass,error: undefined method `first' for nil:NilClass
Branden,Allsworth,ballsworthau@stumbleupon.com,$2a$04$hn6zE8sVv4ibd0ZoX7YTGupkM/fAqxp.DuQ2ruMvSuqbwo/A4Kn/2,PASSWORD,10/22/2025,error: undefined method `first' for nil:NilClass,error: undefined method `first' for nil:NilClass
Nicholle,Scoggins,nscogginsav@ca.gov,$2a$04$4/FFrG4kMbYpDbWKXwB4fuG1B/2N0SaxSuBmhX41HVdpL1YkoVVwK,PASSWORD,7/31/2023,error: undefined method `first' for nil:NilClass,error: undefined method `first' for nil:NilClass
Barnabe,Smallpiece,bsmallpieceaw@chron.com,$2a$04$fzKIkKy7.Bz6cGEemkHpg.FQByIrnC/5NqPS/TluA6x9ElDszXnum,PASSWORD,7/25/2016,error: undefined method `first' for nil:NilClass,error: undefined method `first' for nil:NilClass
Art,Lanfranconi,alanfranconiax@blogtalkradio.com,$2a$04$mUlol0n/yr943IRqHdvKsepFECv7pApZtpj0ecakPv/Y62jVP4Q3K,PASSWORD,7/16/2016,error: undefined method `first' for nil:NilClass,error: undefined method `first' for nil:NilClass
Raf,Alyukin,ralyukinay@acquirethisname.com,$2a$04$v9IAclNCyPMkQXUCf6Uade4GLVM8DNehDIreFafV3OtxurvxgO2BK,PASSWORD,5/4/2015,error: undefined method `first' for nil:NilClass,error: undefined method `first' for nil:NilClass
Lynnell,Dowyer,ldowyeraz@spiegel.de,$2a$04$LQfuay7tLMUYMNTDyqL6zOJXPItEtdv8QT1jHxy.x26s9/uhB1h.e,GOOGLE,11/3/2018,error: undefined method `first' for nil:NilClass,error: undefined method `first' for nil:NilClass
Mikol,Waight,mwaightb0@blogger.com,$2a$04$zjbwi03QCTCgG.eAULAhfedGBcJkF71bmHatFxHnEVJlJ3u.kKE8G,GOOGLE,11/5/2023,error: undefined method `first' for nil:NilClass,error: undefined method `first' for nil:NilClass
Pierre,Bletsor,pbletsorb1@nba.com,$2a$04$MOkUZy7.cydYd1/.1lekA.jYxHdf.9r4ySKv89ZcaYBgSYE6dH9Ma,GOOGLE,12/29/2026,error: undefined method `first' for nil:NilClass,error: undefined method `first' for nil:NilClass
Ilka,Richardon,irichardonb2@posterous.com,$2a$04$1Q8lHlNXMu9dYHPCVTJgCeK37R0B9F0qMqvxNTn80ewshV0uSv.IG,PASSWORD,3/26/2017,error: undefined method `first' for nil:NilClass,error: undefined method `first' for nil:NilClass
Tomi,Pitherick,tpitherickb3@xrea.com,$2a$04$ZbJ9dfYseb/rifnkto9okuvXcQSx6bwZ9O72UCOL2TJIM1owqgiZ6,PASSWORD,3/12/2019,error: undefined method `first' for nil:NilClass,error: undefined method `first' for nil:NilClass
Kimbra,Domange,kdomangeb4@artisteer.com,$2a$04$ofP9EgGMObaqLXpT4rDOMOEKtaFgYcFT9.sDSDqeRF9WKANank8QS,PASSWORD,4/3/2016,error: undefined method `first' for nil:NilClass,error: undefined method `first' for nil:NilClass
Gus,Baukham,gbaukhamb5@goo.ne.jp,$2a$04$HVp.CsiUxaf1IULtgoAYS.GTJHE0garuiuDaGlatM3EouqBV/haAW,PASSWORD,6/12/2020,error: undefined method `first' for nil:NilClass,error: undefined method `first' for nil:NilClass
Duffie,Orritt,dorrittb6@yahoo.co.jp,$2a$04$WQaEaPkBQHRI3MpqKM/QvOsOYry9tcDchC/w5mfd15bJB8kJVDUiW,GOOGLE,6/4/2020,error: undefined method `first' for nil:NilClass,error: undefined method `first' for nil:NilClass
Jens,MacKeeg,jmackeegb7@army.mil,$2a$04$HELxzB84SMVg2s6ojh4RoO.EFZ6GOGU04sTCf2XWNuKU3G0w2Xgy6,PASSWORD,7/23/2015,error: undefined method `first' for nil:NilClass,error: undefined method `first' for nil:NilClass
Berky,Caps,bcapsb8@netlog.com,$2a$04$a3bAoZI1gvFpf0hDq9TJEe5u5U7lo/wremoPO2aAqiRAOfIvI48Aa,GOOGLE,4/24/2026,error: undefined method `first' for nil:NilClass,error: undefined method `first' for nil:NilClass
Janeczka,Szachniewicz,jszachniewiczb9@tiny.cc,$2a$04$HLxtLSKL3U.oya5SUfWWz.PSIyp.Fv3rLuVOH3fFMcvWIXDU5cXBe,GOOGLE,4/22/2018,error: undefined method `first' for nil:NilClass,error: undefined method `first' for nil:NilClass
Rafaela,Osgodby,rosgodbyba@admin.ch,$2a$04$BNhyvoSdAmitYlXjrnQhKeY4fuD7gBikcoUxN3lClCXmrWC/zP.LK,GOOGLE,8/14/2021,error: undefined method `first' for nil:NilClass,error: undefined method `first' for nil:NilClass
Queenie,Louedey,qlouedeybb@cbsnews.com,$2a$04$l4Et/xmS/KsHzZQD8RgVKO.cT1ZsvctGUodz38E/waPyku9WoTr02,GOOGLE,1/20/2026,error: undefined method `first' for nil:NilClass,error: undefined method `first' for nil:NilClass
Olivette,Kringe,okringebc@tamu.edu,$2a$04$ez6sTU7C0q1hwdHaJfbcIOGYN5NmFMNnINNdBx8nxA4dNA3otPeY2,PASSWORD,8/24/2024,error: undefined method `first' for nil:NilClass,error: undefined method `first' for nil:NilClass
Georgena,Dipple,gdipplebd@addtoany.com,$2a$04$rpLNm/Xk.UCcENUL7pw5p.FuOINVVOqYVVAUAZkGajocBVwnq3M/u,GOOGLE,5/23/2023,error: undefined method `first' for nil:NilClass,error: undefined method `first' for nil:NilClass
Sherill,Elia,seliabe@phpbb.com,$2a$04$BmHk4jZEY4KFp2zc6gl6TO.qiydHMzWNvXp41lT/RKQMjAJHNuH6e,GOOGLE,7/10/2017,error: undefined method `first' for nil:NilClass,error: undefined method `first' for nil:NilClass
Ilario,Messruther,imessrutherbf@myspace.com,$2a$04$TfF6gHwjdC6e4Oi.M.ZBhOQx3BPAXJslUTXXQnLD0Log1DuWypkV2,PASSWORD,9/30/2023,error: undefined method `first' for nil:NilClass,error: undefined method `first' for nil:NilClass
Gilberta,Hanhardt,ghanhardtbg@intel.com,$2a$04$5ZyxQNA/G487K5xGgymVYuJckun2QbHg.9Hyrr1IoB4VBf5lUizAq,PASSWORD,2/11/2021,error: undefined method `first' for nil:NilClass,error: undefined method `first' for nil:NilClass
Prudy,Coning,pconingbh@barnesandnoble.com,$2a$04$EDZ9kcfYiFNNedDZqQJpi.GAG7k238WStaRIazb/MdsYrYC/9iim6,PASSWORD,4/21/2025,error: undefined method `first' for nil:NilClass,error: undefined method `first' for nil:NilClass
Beryl,Teasdale,bteasdalebi@google.com.hk,$2a$04$m8Ll9tDrwRt1pQty4.v4/ulkSpeuanPzWH0Qr691hlxLPeRXfahW.,GOOGLE,4/29/2021,error: undefined method `first' for nil:NilClass,error: undefined method `first' for nil:NilClass
Malinde,Tompkiss,mtompkissbj@umn.edu,$2a$04$kPQBmSyfsUaqq55RH7AVIuzI7RhmMCM.qY8tZU.UYO1OEuYXnkE5O,GOOGLE,6/22/2026,error: undefined method `first' for nil:NilClass,error: undefined method `first' for nil:NilClass
Terry,Seywood,tseywoodbk@dell.com,$2a$04$mtu8.XmVJAcD4ZD08pKAEuGUZicfHuoSKzLAmp.jY5JBkzHjVkCNu,PASSWORD,12/19/2026,error: undefined method `first' for nil:NilClass,error: undefined method `first' for nil:NilClass
Diannne,Burree,dburreebl@narod.ru,$2a$04$adJtpHAUklb6b8.WNGXTlOqWep7snY5f/eFeTBWnnv2bgdxgkVf2u,GOOGLE,6/8/2019,error: undefined method `first' for nil:NilClass,error: undefined method `first' for nil:NilClass
Dolph,Elsby,delsbybm@bloglines.com,$2a$04$H9I.tWXGMlL6mBfeyRkWiOkBJE7FkUz7Mo1/p70SXYV/k18PlgdAW,PASSWORD,5/31/2018,error: undefined method `first' for nil:NilClass,error: undefined method `first' for nil:NilClass
Ailene,Henriksson,ahenrikssonbn@discuz.net,$2a$04$nYmM.Az0NnwlipwsCuejWeJwmafKa.YyGJGB93oQrAfIQG8Vso4hm,GOOGLE,7/20/2021,error: undefined method `first' for nil:NilClass,error: undefined method `first' for nil:NilClass
Mia,Arsey,marseybo@goodreads.com,$2a$04$T47eIrAr9J.bhGXfKuBh1.DK3ato27AqHGh0NPPTNgjICyEHX0cSC,PASSWORD,11/6/2023,error: undefined method `first' for nil:NilClass,error: undefined method `first' for nil:NilClass
Emmerich,Emblen,eemblenbp@discovery.com,$2a$04$whpqEJhntEBU3rqfo95iVenPOEmpLWDoUu7lxbxKELrTD.vu2myoq,GOOGLE,3/29/2018,error: undefined method `first' for nil:NilClass,error: undefined method `first' for nil:NilClass
Damien,Ellacott,dellacottbq@npr.org,$2a$04$1TrRv5DSBXQY2mEHpiV9zOLaFHEeB..rhz.Fc/qx2eqyFcytlUmN2,GOOGLE,9/25/2018,error: undefined method `first' for nil:NilClass,error: undefined method `first' for nil:NilClass
Briant,Coulthart,bcoulthartbr@un.org,$2a$04$ptLnqdte1y7xzqj5HRDhguwxg1MrlNPAKXNftuiJrpcXj37DZBGXK,PASSWORD,5/14/2024,error: undefined method `first' for nil:NilClass,error: undefined method `first' for nil:NilClass
Cherise,Cockman,ccockmanbs@seesaa.net,$2a$04$ftxzcSepKYfQz.VwxCatKuXeVQftRtYYXj4juqglXVi3Yw7i.16P.,GOOGLE,2/27/2019,error: undefined method `first' for nil:NilClass,error: undefined method `first' for nil:NilClass
Lorne,Whitmell,lwhitmellbt@ft.com,$2a$04$zjmceMiYAp3o49aSj03esOi93mQk8hLqLzVzMtG96qC0kCuauyL2S,PASSWORD,5/23/2025,error: undefined method `first' for nil:NilClass,error: undefined method `first' for nil:NilClass
Chauncey,Pentland,cpentlandbu@vinaora.com,$2a$04$/UNjq5st5JRAkw7jA0EeR.YCqZlVSTkg96kWNgygC7gofYlj2HR/O,PASSWORD,7/15/2022,error: undefined method `first' for nil:NilClass,error: undefined method `first' for nil:NilClass
Westley,Roddie,wroddiebv@sourceforge.net,$2a$04$DTalaQzxYlk/e2lXRd9wZeTKUdX1cCQZkKNZ.NUuHy/ZRviuArRw.,PASSWORD,3/28/2016,error: undefined method `first' for nil:NilClass,error: undefined method `first' for nil:NilClass
Jessey,Edgeon,jedgeonbw@bloglines.com,$2a$04$91MLyd63FIG7Bx.UoGqaIu9UmTaY22PJiFf3XkZ3NFJGhhiNwLE.u,GOOGLE,6/8/2016,error: undefined method `first' for nil:NilClass,error: undefined method `first' for nil:NilClass
Rodie,Capun,rcapunbx@hatena.ne.jp,$2a$04$w99AiXsQ94mKistqfPE4o..DF7YNbtPsxPuq1uwEnplzvs2sOjDoi,GOOGLE,5/13/2026,error: undefined method `first' for nil:NilClass,error: undefined method `first' for nil:NilClass
Elsworth,Matushevich,ematushevichby@google.com,$2a$04$vff6BGGshuKye6vG2ZsZbOKwn9ncHbPmHxg3zww9nrPLR5ieHM9Yi,PASSWORD,5/15/2023,error: undefined method `first' for nil:NilClass,error: undefined method `first' for nil:NilClass
Chrisy,Magowan,cmagowanbz@twitter.com,$2a$04$TIUc2aWbisPKqKAo4wdDcOe1AXqemAz8xoHaHVxP6HOD83RQ/6eI.,GOOGLE,8/12/2018,error: undefined method `first' for nil:NilClass,error: undefined method `first' for nil:NilClass
Brook,Trazzi,btrazzic0@latimes.com,$2a$04$CSy9cMST6YRHl99DrHwdTe76i/uM/Pn.FM91MDX8.yecPkjueV/EO,GOOGLE,10/21/2016,error: undefined method `first' for nil:NilClass,error: undefined method `first' for nil:NilClass
Faith,Renouf,frenoufc1@ted.com,$2a$04$bFg3KnNl.8PVjK5t3Q9Wk.d.cdLNdL/Lg.aiVWOhECfrOlcZu0JR.,GOOGLE,6/16/2025,error: undefined method `first' for nil:NilClass,error: undefined method `first' for nil:NilClass
Iorgos,Gibbings,igibbingsc2@dion.ne.jp,$2a$04$C6EpkGAmhCKrTslhXoI3PukENVSmxQyM73fI6FBJ.nGlH3yYzcaNe,GOOGLE,10/30/2026,error: undefined method `first' for nil:NilClass,error: undefined method `first' for nil:NilClass
Dionysus,Stanlick,dstanlickc3@psu.edu,$2a$04$DVoBp0yK/Fkyevd2KEw45ObbMqKNC.OnAVTjBOkg8tV.kEv3qdN4G,PASSWORD,3/27/2024,error: undefined method `first' for nil:NilClass,error: undefined method `first' for nil:NilClass
Martha,Brodhead,mbrodheadc4@prweb.com,$2a$04$2BHngjeNvwWiBD4V.ppb1ehTi8i.Gk6t/zwigywsb5xQI1itiM56i,PASSWORD,10/28/2018,error: undefined method `first' for nil:NilClass,error: undefined method `first' for nil:NilClass
Mahmud,Curedell,mcuredellc5@weibo.com,$2a$04$TTTr95kQb1YLgYV5oqf.wO2wTy4NRyuvDPtWZeFQz451g2Zljh0jy,PASSWORD,6/26/2019,error: undefined method `first' for nil:NilClass,error: undefined method `first' for nil:NilClass
Worden,Joisce,wjoiscec6@squidoo.com,$2a$04$6zo/4IaBf2RxeN02dWc7MuJIP8XsijHGMAWXe4XNWA/hSw5J6Cgjq,GOOGLE,9/19/2022,error: undefined method `first' for nil:NilClass,error: undefined method `first' for nil:NilClass
Stepha,de Lloyd,sdelloydc7@oakley.com,$2a$04$Wy5t0oAIAMC/tTKIV6NNNeRmOs9qAjfqI8y3rEOlEQhwQvFlY2c4C,GOOGLE,8/1/2016,error: undefined method `first' for nil:NilClass,error: undefined method `first' for nil:NilClass
Darlleen,Worpole,dworpolec8@hexun.com,$2a$04$KwROZ71istuvOcGXPBlBmetrycA4q8eL2ySCmtdmeXT4q.3YSjtXi,GOOGLE,7/10/2020,error: undefined method `first' for nil:NilClass,error: undefined method `first' for nil:NilClass
Justine,Skipworth,jskipworthc9@printfriendly.com,$2a$04$HVIHkk45Je37XjzJw6Jveu810BiFpSN.iQxJmyedG.lIJy8z/gVg6,PASSWORD,3/12/2020,error: undefined method `first' for nil:NilClass,error: undefined method `first' for nil:NilClass
Aarika,Oxterby,aoxterbyca@163.com,$2a$04$V1qVWfhX/6qNbHriAR2Vfe80FPpF6w2G.ugPVez774sFAT.ncV1w.,GOOGLE,5/31/2020,error: undefined method `first' for nil:NilClass,error: undefined method `first' for nil:NilClass
Shara,Rielly,sriellycb@archive.org,$2a$04$.BXBMj8kIDQV128keSDeReilBBXohjdoOGoMg1RFUi3CZIv3JVD5C,GOOGLE,3/29/2015,error: undefined method `first' for nil:NilClass,error: undefined method `first' for nil:NilClass
Garret,Jiru,gjirucc@arizona.edu,$2a$04$Dz52jAjosm/y3HRFSOFvoeIZERiUECgaFsn7LxFExFnmvpIvos2wS,GOOGLE,12/15/2023,error: undefined method `first' for nil:NilClass,error: undefined method `first' for nil:NilClass
Wilmette,Croyser,wcroysercd@domainmarket.com,$2a$04$QQ.qvW0RoFfc7lKNulY5i.cajXNA2cPAXgDci7cmvZvTgPp9AjIGu,PASSWORD,10/22/2017,error: undefined method `first' for nil:NilClass,error: undefined method `first' for nil:NilClass
Anthea,Mullenger,amullengerce@facebook.com,$2a$04$XoLt5q0u5Y/fzy.c36VgyugG8GvRc4yWl3gvzyNuZVN34xOUfbQY.,GOOGLE,9/6/2026,error: undefined method `first' for nil:NilClass,error: undefined method `first' for nil:NilClass
Julius,Gautrey,jgautreycf@illinois.edu,$2a$04$MfrBAMi9Bqqc.wWB1eagPOnQc7cb87sp3iIysbAHFKOwbEj9h6Vwa,PASSWORD,11/9/2018,error: undefined method `first' for nil:NilClass,error: undefined method `first' for nil:NilClass
Modesta,Summersby,msummersbycg@nymag.com,$2a$04$RLowb3E2wAOHkbRTWnUjv.E.ZGeBn6WDaohDIr1KBeW19qauBMO5W,GOOGLE,1/18/2017,error: undefined method `first' for nil:NilClass,error: undefined method `first' for nil:NilClass
Aeriell,Bucky,abuckych@netlog.com,$2a$04$w/eci0xWBviOotcvd.SCQuCDCrfoNUQ/PHqd9L5N5YXBD47E7Vifq,GOOGLE,1/12/2026,error: undefined method `first' for nil:NilClass,error: undefined method `first' for nil:NilClass
Merrile,Jansie,mjansieci@etsy.com,$2a$04$Ihr8sEmRGYm8YwgLu/6W3.2i80loZ.HRwKj195QVWa7B.0LTaxxCa,PASSWORD,8/5/2017,error: undefined method `first' for nil:NilClass,error: undefined method `first' for nil:NilClass
Ody,Joplin,ojoplincj@wired.com,$2a$04$hIYiZUeN3nhiPGebRszx0.xglPTABzIDrjGHfjADWEm36QkiVH.xO,PASSWORD,10/8/2016,error: undefined method `first' for nil:NilClass,error: undefined method `first' for nil:NilClass
Alford,Netherwood,anetherwoodck@google.ca,$2a$04$SYGVuvZ8f7DewxhlIgcnPucUQLpcdcQfPARF5.Rah0ppeG5Moai9q,GOOGLE,11/20/2017,error: undefined method `first' for nil:NilClass,error: undefined method `first' for nil:NilClass
Leonhard,Pfeffer,lpfeffercl@paypal.com,$2a$04$sQX0cVeEyblnSlCGrOgV8O69HgW2xBpf7xi4MnRlREwGaP3D/FrWS,PASSWORD,10/29/2023,error: undefined method `first' for nil:NilClass,error: undefined method `first' for nil:NilClass
Davin,Van Velde,dvanveldecm@msn.com,$2a$04$xcGtVgm/Ns7D7DXl3jlGnuG77mwdYhZg5emreHQqJNM2CtKgeXZty,PASSWORD,3/23/2020,error: undefined method `first' for nil:NilClass,error: undefined method `first' for nil:NilClass
Vance,Tomaskov,vtomaskovcn@myspace.com,$2a$04$fBIxvQUrDLm0b9zZk9Fn7.8DBKDXW7YaJ9MVMk69vyXH4j2lwIj7i,GOOGLE,10/31/2020,error: undefined method `first' for nil:NilClass,error: undefined method `first' for nil:NilClass
Herta,Quartermaine,hquartermaineco@pcworld.com,$2a$04$4RKBv3iPwYYjVdpNXXWsQ.1yKi7iklz4O.TX8rWkVRpLZhz/sF2M.,PASSWORD,12/9/2016,error: undefined method `first' for nil:NilClass,error: undefined method `first' for nil:NilClass
Irv,Whitcomb,iwhitcombcp@ameblo.jp,$2a$04$D2/M75B0uDkZTESZ9SQhee7SRDFclpCWtSHFUI8iofn5MOQ5ExlB6,PASSWORD,7/9/2023,error: undefined method `first' for nil:NilClass,error: undefined method `first' for nil:NilClass
Arlyne,Cheevers,acheeverscq@wufoo.com,$2a$04$LgJWHnMRvL5wJ564caZLJ..0Hq.ffmon9iBW/qpsAFeGGBAEZOdRa,GOOGLE,10/7/2019,error: undefined method `first' for nil:NilClass,error: undefined method `first' for nil:NilClass
Leonhard,Testin,ltestincr@about.me,$2a$04$UmkKACPMbtqkB3sKtzu8xeTLFOgaUNvd/AtX2q8bUjx7r2bU3K7jW,PASSWORD,6/1/2023,error: undefined method `first' for nil:NilClass,error: undefined method `first' for nil:NilClass
Wallas,Wheal,wwhealcs@nhs.uk,$2a$04$AUjHOcJNJkDfMtwsoXNVOOsQmyEpoLZ68quRPNRbSplQX3WZZa7Wa,GOOGLE,2/26/2017,error: undefined method `first' for nil:NilClass,error: undefined method `first' for nil:NilClass
Elisha,Crabtree,ecrabtreect@purevolume.com,$2a$04$XhDkxp7HaW5yttcWEhUp1.ka3fkGAGsavg9cnMQVa6L2UdGTHs84O,GOOGLE,10/6/2015,error: undefined method `first' for nil:NilClass,error: undefined method `first' for nil:NilClass
Siegfried,Wilds,swildscu@army.mil,$2a$04$PPIO4AgcK1tTUV1NWS9Bg.XvZHgJVLKqWuIXuRBeQhctWYyAnkDK.,GOOGLE,5/6/2018,error: undefined method `first' for nil:NilClass,error: undefined method `first' for nil:NilClass
Lorne,Brabbs,lbrabbscv@weebly.com,$2a$04$xSG68gOIgUt7ye25uYL77.vcAdPh3gjXz93CQgqzABbGUzthPhorC,GOOGLE,3/10/2023,error: undefined method `first' for nil:NilClass,error: undefined method `first' for nil:NilClass
Horacio,Trundle,htrundlecw@behance.net,$2a$04$c4.Lau0vcsa6R4z8MN3VReCKALHsvELPKWRZW0Td.xC97vTk33Mam,PASSWORD,1/25/2024,error: undefined method `first' for nil:NilClass,error: undefined method `first' for nil:NilClass
Roxy,Thornber,rthornbercx@cnn.com,$2a$04$4QmeEvzjD.wTe6BCgu7tKuL3cb7kHveACTLpVtxe7S0JOTQBFzEqm,PASSWORD,9/3/2019,error: undefined method `first' for nil:NilClass,error: undefined method `first' for nil:NilClass
Selig,Douthwaite,sdouthwaitecy@chronoengine.com,$2a$04$W3766/qjuap1r4atF9ZFP.LnRYMvn501BBi5a4lF1DFdHNX5q1Wvy,PASSWORD,10/24/2018,error: undefined method `first' for nil:NilClass,error: undefined method `first' for nil:NilClass
Ofelia,Tomaskunas,otomaskunascz@earthlink.net,$2a$04$g8Y.WmJG5kP/d.zXHlL8QeYQeEZQDEGLnhX3uk4rxiqsGDWmRVoFK,GOOGLE,7/22/2024,error: undefined method `first' for nil:NilClass,error: undefined method `first' for nil:NilClass
Marianna,Southwell,msouthwelld0@google.ru,$2a$04$nH3Z6XyI4ucaevCojwhHEe0AJu3XcylWFR89EBiOhG5eALvbDwuyS,PASSWORD,4/2/2019,error: undefined method `first' for nil:NilClass,error: undefined method `first' for nil:NilClass
Taryn,Pechell,tpechelld1@webmd.com,$2a$04$JlrG5QOho67U756XCxd9h.n0TdSiXAr1KSvAmEf8SO97eHxPp8xVi,GOOGLE,3/3/2026,error: undefined method `first' for nil:NilClass,error: undefined method `first' for nil:NilClass
Lisabeth,Tonepohl,ltonepohld2@deviantart.com,$2a$04$0RzCAzsNu9W1eFN6imb8pu0lqAXgQocwz9t9Kc9cCNC0Btu9Nq5i.,GOOGLE,9/12/2018,error: undefined method `first' for nil:NilClass,error: undefined method `first' for nil:NilClass
Teresina,Bovingdon,tbovingdond3@mapquest.com,$2a$04$Ifrq03JEPLy2i44b.EpcqOVv3ndlx81sydnW6avBr6MnZi2RsDeGO,GOOGLE,1/21/2019,error: undefined method `first' for nil:NilClass,error: undefined method `first' for nil:NilClass
Arabel,Nisard,anisardd4@phpbb.com,$2a$04$cLbyjutwcMp0bzvLqYpdiOJtC4NTwAmwZb0IhqZ/bwH4IYt0.zf.O,PASSWORD,8/10/2024,error: undefined method `first' for nil:NilClass,error: undefined method `first' for nil:NilClass
Raul,Dubery,rduberyd5@unblog.fr,$2a$04$7qsxZAXdSjO3bZEE.tj2zOKEZXlW2b3f7XwnnJbUM1k7O4eCLxMAG,GOOGLE,2/22/2024,error: undefined method `first' for nil:NilClass,error: undefined method `first' for nil:NilClass
Whitman,Stanlack,wstanlackd6@ow.ly,$2a$04$SI.ldst54Xc4BS0edS0N7e7XlVU9nda1luBHSoS4Pmi.8XBVCQaaK,PASSWORD,11/8/2023,error: undefined method `first' for nil:NilClass,error: undefined method `first' for nil:NilClass
Daffie,Gulliford,dgullifordd7@gmpg.org,$2a$04$6.dTksWelxIicFp/VcfacuX5rx49lbS4gDIORUrwGZCxVR/oIq4XS,PASSWORD,5/15/2021,error: undefined method `first' for nil:NilClass,error: undefined method `first' for nil:NilClass
Mikkel,Neagle,mneagled8@yahoo.com,$2a$04$nNnMmICxckd.8BuPqD.3o.njsFgNvdEETdU8fbMKDgLwtIJUxmece,GOOGLE,11/11/2018,error: undefined method `first' for nil:NilClass,error: undefined method `first' for nil:NilClass
Andreana,Gobbett,agobbettd9@wikimedia.org,$2a$04$FWxaKGC7xSstL1O5dEQRnO1X.wt0VO3RkBS39QD.tow8CSQ53rdQa,GOOGLE,8/4/2026,error: undefined method `first' for nil:NilClass,error: undefined method `first' for nil:NilClass
Selina,Birrane,sbirraneda@privacy.gov.au,$2a$04$gD/jNP3nHcAgW68RcH896Ohmo.DBkut1msyKfzpwA6vt7E5eF2owy,PASSWORD,1/31/2020,error: undefined method `first' for nil:NilClass,error: undefined method `first' for nil:NilClass
Querida,Hillborne,qhillbornedb@wisc.edu,$2a$04$sJb3rx2f.9NInWvTEmZ1leI9a3iMx9NdJ64oMW7eXC5Yf38b3VDiC,GOOGLE,5/5/2021,error: undefined method `first' for nil:NilClass,error: undefined method `first' for nil:NilClass
Freddy,Hellens,fhellensdc@huffingtonpost.com,$2a$04$SYfC1C4CIc/BNJlORfp8leAAbUCa0z2C5XTU4g8sDknXRAGtMFJYK,GOOGLE,6/30/2026,error: undefined method `first' for nil:NilClass,error: undefined method `first' for nil:NilClass
Tomas,Timmons,ttimmonsdd@wordpress.com,$2a$04$GOUOq68wcsWuO91V1KbLbOwQnMuWu1hDfxBFk7Epb9TVbc.gBMCRu,PASSWORD,7/3/2024,error: undefined method `first' for nil:NilClass,error: undefined method `first' for nil:NilClass
Margaretha,Copestick,mcopestickde@xrea.com,$2a$04$OqbdOJJerwHrLcZlOHNVn.axPejtmwcRf8dzpZ8.4JirS79nquzVK,PASSWORD,2/25/2018,error: undefined method `first' for nil:NilClass,error: undefined method `first' for nil:NilClass
Aurea,Isakovic,aisakovicdf@surveymonkey.com,$2a$04$TeXkZjfKYbHjmjoa0tyQo.hEk/kMOsEUy4z3GQ7m2z6bjUHw4wSsa,PASSWORD,10/9/2018,error: undefined method `first' for nil:NilClass,error: undefined method `first' for nil:NilClass
Aube,Scawen,ascawendg@about.me,$2a$04$X8E44lOCBVsRx5/j2oLKgOI8p1NTUOJ25.sFtOz/BgPt1N.JvODCC,PASSWORD,10/2/2017,error: undefined method `first' for nil:NilClass,error: undefined method `first' for nil:NilClass
Francisco,Whopples,fwhopplesdh@reverbnation.com,$2a$04$askDwMFyPi1YJ4aMrlzxquCTaRy/sN4K08d46esrsOgVgzfutGnKS,PASSWORD,5/24/2016,error: undefined method `first' for nil:NilClass,error: undefined method `first' for nil:NilClass
Pancho,Lawfull,plawfulldi@amazon.com,$2a$04$GYLrlvpDcqcFAOEUJTHMT.YYeIo9.2Gf2okAD5aH4qqnUSfLpSW4S,GOOGLE,6/10/2020,error: undefined method `first' for nil:NilClass,error: undefined method `first' for nil:NilClass
Brier,Pipes,bpipesdj@nationalgeographic.com,$2a$04$DPQZA51vkB.nxBOx198wkOBNRaokxhCESiZri7vj.593A/2AayRZK,GOOGLE,4/18/2016,error: undefined method `first' for nil:NilClass,error: undefined method `first' for nil:NilClass
Cleopatra,Lazarus,clazarusdk@hhs.gov,$2a$04$vShWuULzjQxVAD7USjFpVuINT.fOrYzuuKTxi6oLUQANN7Ud1cx8K,PASSWORD,10/7/2021,error: undefined method `first' for nil:NilClass,error: undefined method `first' for nil:NilClass
Elle,Bownde,ebowndedl@fc2.com,$2a$04$NikquTgnd33APOurn2xRgO4jJCOp4ApMsyW9Ywvly0T2IqoDJqr6e,PASSWORD,3/16/2018,error: undefined method `first' for nil:NilClass,error: undefined method `first' for nil:NilClass
Lacie,Capehorn,lcapehorndm@discovery.com,$2a$04$DI2MEdsRHGw0Bs5AE0B4lOE/RmXzIpulzxAmDcOAUs84ezbWgwi92,PASSWORD,1/24/2016,error: undefined method `first' for nil:NilClass,error: undefined method `first' for nil:NilClass
Romonda,Stradling,rstradlingdn@illinois.edu,$2a$04$9lQe6Gm3NGgzZaXvESo28.XIAvkg5OiHy5ExOgtsdr1b/WKt2oYYa,GOOGLE,11/28/2026,error: undefined method `first' for nil:NilClass,error: undefined method `first' for nil:NilClass
Connie,Gresly,cgreslydo@dyndns.org,$2a$04$2a/19qKXyoAslnJV/cW/reOp7skWBVPBIlZMpASe4dojx7rUlWvhe,GOOGLE,2/18/2022,error: undefined method `first' for nil:NilClass,error: undefined method `first' for nil:NilClass
Standford,Yerill,syerilldp@sina.com.cn,$2a$04$ZYoJ7IQtRZKPIMO.0wc2h.fHSH4bmSfHh/hQmG8uwMZe.dXPwaAOS,GOOGLE,2/15/2022,error: undefined method `first' for nil:NilClass,error: undefined method `first' for nil:NilClass
Mareah,Frankes,mfrankesdq@163.com,$2a$04$XUgdRJlXCnPhDzaQdSyLS.Q9IPyKYL15ovplwqkDJfjT8jvUHYsaO,GOOGLE,3/1/2017,error: undefined method `first' for nil:NilClass,error: undefined method `first' for nil:NilClass
Pepita,Oxteby,poxtebydr@weebly.com,$2a$04$yZghpvhnhXUZKDKfMH825eyZN6jMWqAtWyLOLyYPpnJIp6nXsPBR2,PASSWORD,9/26/2015,error: undefined method `first' for nil:NilClass,error: undefined method `first' for nil:NilClass
Ariela,Strachan,astrachands@wsj.com,$2a$04$8NTzXrPsMlS13cOxZ4EFEO7t0JSBv9KowPZSZUEa/mJd3El5TbmLO,GOOGLE,4/12/2026,error: undefined method `first' for nil:NilClass,error: undefined method `first' for nil:NilClass
Yehudit,Smurfit,ysmurfitdt@tripod.com,$2a$04$mkbTUOmJ824nn6Q4.gBLlepNc9U0FLJAqjisQl7lkqjzqsThYB5i6,GOOGLE,9/9/2025,error: undefined method `first' for nil:NilClass,error: undefined method `first' for nil:NilClass
Dede,Maraga,dmaragadu@tmall.com,$2a$04$GvpRsxlGk4Yw4CDcQ/uFSe71.KYUxpY2R3wJSenUrYj5NSFk3iYCC,PASSWORD,6/27/2018,error: undefined method `first' for nil:NilClass,error: undefined method `first' for nil:NilClass
Bill,Manford,bmanforddv@ifeng.com,$2a$04$J8y7dUhvpiKxaUNLxOjSS.lqC0YuiBAqs639rpiDmrBI1he061VCK,PASSWORD,10/16/2023,error: undefined method `first' for nil:NilClass,error: undefined method `first' for nil:NilClass
Leyla,Panner,lpannerdw@google.cn,$2a$04$15kbn0tcVy.uSymLtMaPSeVk9YkpXr4Y3t0B5DuD2V2qDc1fuqs9C,GOOGLE,5/31/2019,error: undefined method `first' for nil:NilClass,error: undefined method `first' for nil:NilClass
Peyton,Colvin,pcolvindx@jugem.jp,$2a$04$yFVUgw3ws5inZcQAxjZdLu1eZWtmmeVD7X6VqqROJOQYslb5dwgam,PASSWORD,5/24/2026,error: undefined method `first' for nil:NilClass,error: undefined method `first' for nil:NilClass
Waldo,Burditt,wburdittdy@howstuffworks.com,$2a$04$1WzxabLIdTec1FeLFhw3guaur7bLNRhV7Nd/9rqOMxf1pXpD7SGdO,PASSWORD,6/28/2023,error: undefined method `first' for nil:NilClass,error: undefined method `first' for nil:NilClass
Ashli,Mooney,amooneydz@bloglovin.com,$2a$04$qEzIiTAujMgmsFebf3NuluotTDXIj.DwerrCwVz8hZjOK9g9KS43y,GOOGLE,2/25/2023,error: undefined method `first' for nil:NilClass,error: undefined method `first' for nil:NilClass
Rea,Duckham,rduckhame0@merriam-webster.com,$2a$04$wZPfRuwLZ/9dPx.lP4it6emvNNhJmJ7wdgYYbxqZtOmI4vgaYSwHi,PASSWORD,6/2/2023,error: undefined method `first' for nil:NilClass,error: undefined method `first' for nil:NilClass
Alvira,Lampen,alampene1@geocities.com,$2a$04$AwugOcjI7Jgiu7DnjOiPfegQn3OcTuHV5Pm9919dri8WyiCAOGZjW,GOOGLE,3/3/2020,error: undefined method `first' for nil:NilClass,error: undefined method `first' for nil:NilClass
Constantina,Balnaves,cbalnavese2@wisc.edu,$2a$04$YpmuYT3fL4WCuc/sPuaQtOXiARIW2pi4oWImNrE/tqFDmxdbpdDtS,PASSWORD,11/16/2021,error: undefined method `first' for nil:NilClass,error: undefined method `first' for nil:NilClass
Merrili,Neilson,mneilsone3@umich.edu,$2a$04$MP4kReLaLEP.601TkkifzOJkK9ZaduHGEo3dEyNeJ/6v9Ln5iIDQu,PASSWORD,7/25/2018,error: undefined method `first' for nil:NilClass,error: undefined method `first' for nil:NilClass
Tyrone,Maps,tmapse4@feedburner.com,$2a$04$WVEejHi71f3XxhD8adxNmuO1vdO.guMbAZQsvhuDMxmW09sr/rQ.2,GOOGLE,7/13/2022,error: undefined method `first' for nil:NilClass,error: undefined method `first' for nil:NilClass
Jasmin,Fibbit,jfibbite5@topsy.com,$2a$04$1K9aYGk0Jz0crR0iayW2xuhfFobPhd4algARKELv68icqAsBQResS,PASSWORD,2/29/2020,error: undefined method `first' for nil:NilClass,error: undefined method `first' for nil:NilClass
Homere,Tuffs,htuffse6@un.org,$2a$04$KBwAH93eJosuo3BKc/YUgunjTSMTf/RIo5bBgQij2svSuV/Fcttni,PASSWORD,10/16/2025,error: undefined method `first' for nil:NilClass,error: undefined method `first' for nil:NilClass
Ottilie,Lamonby,olamonbye7@sogou.com,$2a$04$ArEBPqTbxqfTMbnOA7siOedFGAEWFW7roWtNWM2rb7nSBPlmT1dcS,GOOGLE,1/10/2020,error: undefined method `first' for nil:NilClass,error: undefined method `first' for nil:NilClass
Dorena,Christopher,dchristophere8@aol.com,$2a$04$ecEnkeeNyLQ1M/nsDYnLf.me963kyyDUk5vP29.aSbnb7IlOMk9g2,PASSWORD,4/13/2022,error: undefined method `first' for nil:NilClass,error: undefined method `first' for nil:NilClass
Tomaso,Branno,tbrannoe9@weebly.com,$2a$04$KCieAmjNzDi.KL6hAzbpxOB5vtMcWa9Ems5crubJ5NHUw1sda5XGq,PASSWORD,6/7/2021,error: undefined method `first' for nil:NilClass,error: undefined method `first' for nil:NilClass
Broderic,Ferras,bferrasea@eepurl.com,$2a$04$PhHW41.yyOaNaA35h9AoVOCRRkmhAARADLgH1gerXNXxwNHsptLfG,GOOGLE,12/27/2025,error: undefined method `first' for nil:NilClass,error: undefined method `first' for nil:NilClass
Inga,Thorneley,ithorneleyeb@booking.com,$2a$04$Eu9yUunjwbbgsCEqnal0m.aZK7UMA3Z6k9Tx8d2yTI26E2qLxi6KC,PASSWORD,2/12/2020,error: undefined method `first' for nil:NilClass,error: undefined method `first' for nil:NilClass
Vinita,Iacomo,viacomoec@ameblo.jp,$2a$04$7w5.FsSMmhtMAuIpFPXapeqQd.XiqsOVqDByhXDfaAAgOsdrS8tiO,PASSWORD,11/12/2015,error: undefined method `first' for nil:NilClass,error: undefined method `first' for nil:NilClass
Angeline,Flescher,afleschered@senate.gov,$2a$04$icXAxn.Fkne5fV3NdvLNj.aL4Bqybqhql6rHtYDqAkPUsVEFGrVuW,GOOGLE,9/8/2025,error: undefined method `first' for nil:NilClass,error: undefined method `first' for nil:NilClass
Costanza,Spellessy,cspellessyee@e-recht24.de,$2a$04$LAFOJ.Lbl8OuNq611cIweuUjEXOlpgufwb6gClw6bmSchiayr8PMa,GOOGLE,1/30/2017,error: undefined method `first' for nil:NilClass,error: undefined method `first' for nil:NilClass
Olympe,Joblin,ojoblinef@baidu.com,$2a$04$wgBLTHqMEVUI9929tldgae6VQ5ZrlrL/dapD3bn.ZxvwS5e5OlwhO,PASSWORD,12/1/2018,error: undefined method `first' for nil:NilClass,error: undefined method `first' for nil:NilClass
Nanice,Bispham,nbisphameg@digg.com,$2a$04$n.R9vf9DfnPiOA5YcF3kZOOhiyDuzsJZztAr.PeJ/jnVO/7aWIX8C,GOOGLE,9/19/2024,error: undefined method `first' for nil:NilClass,error: undefined method `first' for nil:NilClass
Joye,Houseley,jhouseleyeh@msu.edu,$2a$04$j22bauW/vT8Y3QKfLJax9erpxtMDHQ52UkM4knj56kCPMYBPjjqGK,GOOGLE,7/8/2016,error: undefined method `first' for nil:NilClass,error: undefined method `first' for nil:NilClass
Birdie,Meiner,bmeinerei@economist.com,$2a$04$OTM79H.SIP.sh3Wsv2xIHetVc5TJsTAi5iMhTtQjc692Mfeo2T87e,GOOGLE,3/7/2017,error: undefined method `first' for nil:NilClass,error: undefined method `first' for nil:NilClass
Francesca,Mullin,fmullinej@webs.com,$2a$04$YUKZuaqGg99dHHfQzltli.hYDiuU5FG6lIXzsXlKkdZlizeJ6vCGy,GOOGLE,7/15/2026,error: undefined method `first' for nil:NilClass,error: undefined method `first' for nil:NilClass
Saw,Furlonge,sfurlongeek@joomla.org,$2a$04$J2XZAqrg4VC6kmFGQVnyMOwe3iWcxIRFQ7kJhZXyWUR7nJU1NsAa2,GOOGLE,7/14/2019,error: undefined method `first' for nil:NilClass,error: undefined method `first' for nil:NilClass
Danila,Phelps,dphelpsel@mac.com,$2a$04$k4xx3wuzPuQFXnKh7O7mJOizYtpess5n9EUSvQ7sXFk/qgLlrCiMe,PASSWORD,10/20/2020,error: undefined method `first' for nil:NilClass,error: undefined method `first' for nil:NilClass
Drugi,Prynne,dprynneem@pcworld.com,$2a$04$KNO6A97T8c7aDSDTZNs9kOXkVIUj/Y3XrIuY0IExGfGm36e0qCfV6,GOOGLE,6/26/2022,error: undefined method `first' for nil:NilClass,error: undefined method `first' for nil:NilClass
Deina,Dockreay,ddockreayen@blinklist.com,$2a$04$ksrVwIThqgAAoWoHN8rXN.PL41KGusJFeCqO40rC5.QRHTSJcF2lm,GOOGLE,12/1/2024,error: undefined method `first' for nil:NilClass,error: undefined method `first' for nil:NilClass
Martainn,Bortolutti,mbortoluttieo@comcast.net,$2a$04$ooOmoatzcMAr5elfYu7XguWREai1CfoY/ouUQwpj2081X9g6YvFnK,GOOGLE,7/2/2024,error: undefined method `first' for nil:NilClass,error: undefined method `first' for nil:NilClass
Karin,Kovnot,kkovnotep@state.gov,$2a$04$TXTQnG2b8O/kYyE83qKIs.V0h2m5iPwBbL6fJcjZNfc2jpW1EqQba,GOOGLE,4/21/2024,error: undefined method `first' for nil:NilClass,error: undefined method `first' for nil:NilClass
Dwayne,McEnery,dmceneryeq@wordpress.org,$2a$04$GYXLVRt23LuXINy83tB8w.CRlFqSZO34Tuywv4PcplHn8QB1/TNTq,PASSWORD,10/11/2026,error: undefined method `first' for nil:NilClass,error: undefined method `first' for nil:NilClass
Elwood,Bremeyer,ebremeyerer@ocn.ne.jp,$2a$04$ezGCHGz1IaIZ/ghhPaI5RuuW7DqI9fE6DkfbRENAlitTk/F8K0GPe,PASSWORD,9/6/2018,error: undefined method `first' for nil:NilClass,error: undefined method `first' for nil:NilClass
Karie,Skouling,kskoulinges@sphinn.com,$2a$04$m98Y3Jj0Z18PvzXZoMdOJeAO4GAXdv1pcMDl0LuisbP7Mn2HbzLUK,GOOGLE,5/16/2026,error: undefined method `first' for nil:NilClass,error: undefined method `first' for nil:NilClass
Buck,Rainforth,brainforthet@about.me,$2a$04$n7D7kCjMeRLV6SgkVhP1Juy9Fqg0VBvgDHECBa4.71M6fUtlcGvF2,GOOGLE,11/13/2017,error: undefined method `first' for nil:NilClass,error: undefined method `first' for nil:NilClass
Osgood,Pesic,opesiceu@addtoany.com,$2a$04$QPv9tWLfoATBkHfLxOGXi.oaQ7GArZrX06.g3ZmBjdfh5Rtixyjtm,GOOGLE,4/29/2018,error: undefined method `first' for nil:NilClass,error: undefined method `first' for nil:NilClass
Jenni,Rendle,jrendleev@symantec.com,$2a$04$O2DqvFlElol9ZzmQqP0JX.5cMLVzbLAhYUOPk9XCxTvE5ejeonTLq,PASSWORD,3/22/2022,error: undefined method `first' for nil:NilClass,error: undefined method `first' for nil:NilClass
Roscoe,Ciciotti,rciciottiew@alexa.com,$2a$04$C9K.nTnKcwQwh/nBpFvvCuvdQya5CGrk7hiMhBKtxp/yscivSq31W,PASSWORD,8/27/2023,error: undefined method `first' for nil:NilClass,error: undefined method `first' for nil:NilClass
Rozamond,Roebuck,rroebuckex@a8.net,$2a$04$DchhxeGN/Y2kBXkL278TOuLitzTsjchYSmnUyQKJHbvumZtKD4E3u,GOOGLE,2/11/2026,error: undefined method `first' for nil:NilClass,error: undefined method `first' for nil:NilClass
Fair,Vicary,fvicaryey@ucoz.ru,$2a$04$J1x1QJiIs0TQUgqxktipleIQvAb2.kFIS/jzm3tmgWulQy.B7yTLK,PASSWORD,12/15/2024,error: undefined method `first' for nil:NilClass,error: undefined method `first' for nil:NilClass
Marji,MacKimm,mmackimmez@techcrunch.com,$2a$04$9ZqNk5SEx5gCFrEE4oGoLeQAQmzLnUbcaJa8EhIg9RZ2E4f.1ZDsy,GOOGLE,12/9/2015,error: undefined method `first' for nil:NilClass,error: undefined method `first' for nil:NilClass
Giselbert,Thorndycraft,gthorndycraftf0@imdb.com,$2a$04$HV9fTOX3TiNVPO4C/RugtOoh9RbmRqu5dzLi51lwR9rfgaAGv/tIu,GOOGLE,12/27/2023,error: undefined method `first' for nil:NilClass,error: undefined method `first' for nil:NilClass
Dion,Nodes,dnodesf1@mapy.cz,$2a$04$S0sTsOD6p8XRlzXJM.bZCewoXqY.QpOMjwmpHH5NQX0s8ZRUI/XGy,GOOGLE,11/18/2026,error: undefined method `first' for nil:NilClass,error: undefined method `first' for nil:NilClass
Lucinda,Ammer,lammerf2@instagram.com,$2a$04$iDOX8104Zhbw2vk72Keg9OUA3Wg7jP0u5L97yUmGQ9cseV6ehEIBu,GOOGLE,9/30/2020,error: undefined method `first' for nil:NilClass,error: undefined method `first' for nil:NilClass
Florida,Impey,fimpeyf3@lycos.com,$2a$04$6AUC/wsNvX2McFdFBI.6tutiB01qpT8NyWkLel5JdFzswedn2FcP.,GOOGLE,2/26/2020,error: undefined method `first' for nil:NilClass,error: undefined method `first' for nil:NilClass
Dre,Tonge,dtongef4@goo.ne.jp,$2a$04$oZPKwXC.CKOTm7o6h1RoDeAJCTwV.DaQlMoU8PqnAy6mMyC7/bSJC,GOOGLE,8/15/2026,error: undefined method `first' for nil:NilClass,error: undefined method `first' for nil:NilClass
Jonas,Gogan,jgoganf5@nasa.gov,$2a$04$vhiYSDx8CDdBAbU9VO4cRuyH1KBBbTUdDZ1IjV.grWtl3nlPo.c4q,PASSWORD,11/2/2024,error: undefined method `first' for nil:NilClass,error: undefined method `first' for nil:NilClass
Kerstin,Chalfant,kchalfantf6@nsw.gov.au,$2a$04$DskzYyZoOsC9.qqoUkYuOuT0ZgabYV95CibL4DeSfdcJmQgJwyEua,PASSWORD,3/15/2016,error: undefined method `first' for nil:NilClass,error: undefined method `first' for nil:NilClass
Eimile,Gowry,egowryf7@w3.org,$2a$04$Lx.rlm.bkbS8Wl.ezdtxLewjRkT.EEbTeifw84AMd1d4ki03h304W,PASSWORD,11/15/2022,error: undefined method `first' for nil:NilClass,error: undefined method `first' for nil:NilClass
Corey,Paolinelli,cpaolinellif8@lycos.com,$2a$04$.6WFJCQEYxGyfc2noB0cwOGweurX5H87ehCeLTd09SCyxBUSwO/7K,GOOGLE,4/25/2022,error: undefined method `first' for nil:NilClass,error: undefined method `first' for nil:NilClass
Sheri,Priver,spriverf9@uol.com.br,$2a$04$slzb0pyi085LJewpJqK9UeB8uXt9AYhCnasKMG9rGBkWBSFY4OgnS,PASSWORD,4/27/2021,error: undefined method `first' for nil:NilClass,error: undefined method `first' for nil:NilClass
Alexandrina,Orvis,aorvisfa@yelp.com,$2a$04$O6cpdLgIl8pwEjeUDA1KBeUdVMrVpxl/ikLMlqkCMvvpUEhaS9dZG,GOOGLE,7/6/2025,error: undefined method `first' for nil:NilClass,error: undefined method `first' for nil:NilClass
Kelli,Aksell,kaksellfb@typepad.com,$2a$04$JKdQSiUb.vuzLVMdOskEhudY16Y1NrLo2Fz89SnEDqjPbqU6aG/Hq,GOOGLE,8/27/2025,error: undefined method `first' for nil:NilClass,error: undefined method `first' for nil:NilClass
Laurie,Drieu,ldrieufc@freewebs.com,$2a$04$co8ZJ8./X1L7pV48Fvtp8up4Ti8CcOzYK193Ekaq3uxz.F9Fmn522,GOOGLE,3/18/2018,error: undefined method `first' for nil:NilClass,error: undefined method `first' for nil:NilClass
Harriot,Patillo,hpatillofd@de.vu,$2a$04$d4lHMlK3IZF8lSVZODBb.eQDK/Dn/N9dBLCp6jmNnzQ7sSzTJIn1y,PASSWORD,11/22/2023,error: undefined method `first' for nil:NilClass,error: undefined method `first' for nil:NilClass
Maddy,Mergue,mmerguefe@ucoz.com,$2a$04$bP4K2/li6/LKoiVaoME4k.wL8bEex18rG7vgaDX836JGIT2RwRp26,PASSWORD,7/7/2019,error: undefined method `first' for nil:NilClass,error: undefined method `first' for nil:NilClass
Brigida,Mitchinson,bmitchinsonff@drupal.org,$2a$04$MFGtwxz8eR5q0UG76K20fO5JeyIodw3julY/uVqsmXRjMcRi.q3d.,PASSWORD,6/24/2023,error: undefined method `first' for nil:NilClass,error: undefined method `first' for nil:NilClass
Marshall,Ninnotti,mninnottifg@pbs.org,$2a$04$IuhNPphFJSd9BHE.haUo.O0kkGwQQeBA9buSbt5wt81s5X8XxSwfK,GOOGLE,8/24/2026,error: undefined method `first' for nil:NilClass,error: undefined method `first' for nil:NilClass
Dinah,Gilbert,dgilbertfh@constantcontact.com,$2a$04$f4HPgGoLRERAY5eajis9leRVPHj3u4R5M5I9SfpAGi/Yo9jRFmhYC,PASSWORD,5/22/2022,error: undefined method `first' for nil:NilClass,error: undefined method `first' for nil:NilClass
Shelagh,Huonic,shuonicfi@indiatimes.com,$2a$04$AoeL9k1wMt8P2rmIIW6Qe.jt3s1G2nVkILUPmxPpCbI0gPMiCtpBe,GOOGLE,7/17/2020,error: undefined method `first' for nil:NilClass,error: undefined method `first' for nil:NilClass
Cristobal,Feifer,cfeiferfj@ebay.com,$2a$04$DyvFizag3wWDLLm3pmSNGOuFGsXwZlWz6.baKbP.oIQPTO7ArmcoC,GOOGLE,1/2/2025,error: undefined method `first' for nil:NilClass,error: undefined method `first' for nil:NilClass
Fields,Stinchcombe,fstinchcombefk@theglobeandmail.com,$2a$04$Uefl.QgqZF3W9o1mVI3W5OeLU2gyjxlqv/GcoTQUPyBjV6BYhmV6W,GOOGLE,12/18/2024,error: undefined method `first' for nil:NilClass,error: undefined method `first' for nil:NilClass
Gail,Witton,gwittonfl@noaa.gov,$2a$04$l4V62d5yz7KxWW/5R.DSu.PqOou0kr5wCgPST9C4qT/R57q1v0zUu,GOOGLE,8/29/2026,error: undefined method `first' for nil:NilClass,error: undefined method `first' for nil:NilClass
Ripley,Keats,rkeatsfm@seattletimes.com,$2a$04$Cs5WYphA5GxnUSuhvgKiGu53VLsBecTKaTq4Cu4/.mLeiYjhwCupG,PASSWORD,6/15/2024,error: undefined method `first' for nil:NilClass,error: undefined method `first' for nil:NilClass
Berta,Lummis,blummisfn@sina.com.cn,$2a$04$9fSZC7QHNw73kiwpJxIEJeQpuoAupjLlVSM3qYc0RNDrh32QjjDy6,PASSWORD,8/1/2026,error: undefined method `first' for nil:NilClass,error: undefined method `first' for nil:NilClass
Kailey,Swatland,kswatlandfo@people.com.cn,$2a$04$aGqkAznTND7977sYK.ABde2CSP12Fzt9y0iDKYkMB4fVpzayBc8wu,PASSWORD,4/16/2021,error: undefined method `first' for nil:NilClass,error: undefined method `first' for nil:NilClass
Leonore,Footer,lfooterfp@ocn.ne.jp,$2a$04$Ib3CUYtNCbWN9RG.ORYS7OfNcfjqRuDdoPVo4x0zqZB/h3FIAwwJK,GOOGLE,10/2/2015,error: undefined method `first' for nil:NilClass,error: undefined method `first' for nil:NilClass
Marthe,Wherton,mwhertonfq@yahoo.co.jp,$2a$04$5VYp8bCWbz59hjnzI1/HvOf6w3wftl8qpYk7TE84aBJBn6F5m/BFW,GOOGLE,3/1/2018,error: undefined method `first' for nil:NilClass,error: undefined method `first' for nil:NilClass
Derk,Gauvain,dgauvainfr@webeden.co.uk,$2a$04$xX1slhTWYzZWaQKs/v.vXuacuApLn7tVEYIPI95Fh5KtYrN6W7F0S,PASSWORD,12/30/2022,error: undefined method `first' for nil:NilClass,error: undefined method `first' for nil:NilClass
Robinett,Kleingrub,rkleingrubfs@naver.com,$2a$04$5DI9l7oV3Sl7fVKTWmbR4OEhzcjJ6izt/eUFNrXaZctWjU4aEaInC,PASSWORD,7/17/2022,error: undefined method `first' for nil:NilClass,error: undefined method `first' for nil:NilClass
Templeton,Husbands,thusbandsft@shutterfly.com,$2a$04$fP93cmzWNdafa7v1c9jciuktrGFOeoN4weBh34Shn8Uf.0LGEAQwG,GOOGLE,10/28/2015,error: undefined method `first' for nil:NilClass,error: undefined method `first' for nil:NilClass
Elena,Watman,ewatmanfu@domainmarket.com,$2a$04$jn9q.krkHoR1vN2PxpoIjuIW4HS728r5NsuNK.KzBInRCy.kM5QWq,PASSWORD,2/11/2018,error: undefined method `first' for nil:NilClass,error: undefined method `first' for nil:NilClass
Doro,Duligal,dduligalfv@upenn.edu,$2a$04$DBe0h5.F2kELanbnzRoIA.ogQYU27RdZMjn0vlnnrTkqxRJi1FVcW,PASSWORD,2/10/2023,error: undefined method `first' for nil:NilClass,error: undefined method `first' for nil:NilClass
Hill,Wadly,hwadlyfw@nationalgeographic.com,$2a$04$5.PHZocWePkZkJoGrjJhXORxQ6riDnDoA7FXebhEoGxz.tbESrg8.,PASSWORD,2/2/2018,error: undefined method `first' for nil:NilClass,error: undefined method `first' for nil:NilClass
Annadiane,Selwood,aselwoodfx@timesonline.co.uk,$2a$04$YBcj1ZTdUUUmxnM7S9fQQOFKKnd/7sMh0HsH/g2zUpORXMLfxFS6.,PASSWORD,2/4/2020,error: undefined method `first' for nil:NilClass,error: undefined method `first' for nil:NilClass
Arnie,Waterstone,awaterstonefy@rambler.ru,$2a$04$0DVa.JyxgxzKypAbkbNXEO5YZM9CwnmKSUtOOHfRuGSqgNg0yabhS,GOOGLE,4/10/2024,error: undefined method `first' for nil:NilClass,error: undefined method `first' for nil:NilClass
Cara,Hriinchenko,chriinchenkofz@gmpg.org,$2a$04$d1f0mOV0rIfnnkE4BDiLoej5pzZLUO53pzK3LTbROT5FtIOFrst06,PASSWORD,5/19/2019,error: undefined method `first' for nil:NilClass,error: undefined method `first' for nil:NilClass
Domenico,Crowdy,dcrowdyg0@nytimes.com,$2a$04$Fp/nkmD5wMnA7hURk99O.Oikd98zcZ5ZEjbrD1cqZqkSHWw/N54k6,GOOGLE,11/20/2020,error: undefined method `first' for nil:NilClass,error: undefined method `first' for nil:NilClass
Elisha,Lob,elobg1@discuz.net,$2a$04$OC5xdYlGh03/J9uKrkHRpesVsvZwrrxcx6KkeUcDeXX7wAnuE4kZC,PASSWORD,10/2/2022,error: undefined method `first' for nil:NilClass,error: undefined method `first' for nil:NilClass
Waylon,MacElane,wmacelaneg2@youtube.com,$2a$04$4EArR8wiVI3EdGQjYdzQpeiqjUkQZHbcIIurWvIiMmQCO4COkDpSC,PASSWORD,9/6/2015,error: undefined method `first' for nil:NilClass,error: undefined method `first' for nil:NilClass
Malachi,Cadwell,mcadwellg3@opera.com,$2a$04$1SUqHSyBT5gUdGU3pbnuyOjgG//THYtDe3.R2QOm0hmSc.F.dG0.W,GOOGLE,6/23/2020,error: undefined method `first' for nil:NilClass,error: undefined method `first' for nil:NilClass
Constancia,Hebburn,chebburng4@washington.edu,$2a$04$3h5c5YKbESS.nWfRr6rU5OPo.v0AeK4PwN1xsbvZfs1qQvCq35l5S,PASSWORD,1/12/2025,error: undefined method `first' for nil:NilClass,error: undefined method `first' for nil:NilClass
Lucine,Bostock,lbostockg5@sciencedirect.com,$2a$04$/CRAJ8EblL/PWXIitUUEYe5I8MZt8m1eEEbBbwqcNNa2haFBC1zeS,GOOGLE,12/12/2024,error: undefined method `first' for nil:NilClass,error: undefined method `first' for nil:NilClass
Johny,Moules,jmoulesg6@zimbio.com,$2a$04$yg51GlIItQsWXxDgDgdk7uWTgi4xjZgINHewbbPBi21eQTkikCmOq,GOOGLE,12/19/2021,error: undefined method `first' for nil:NilClass,error: undefined method `first' for nil:NilClass
Bonnie,Batts,bbattsg7@hexun.com,$2a$04$odchQv/vvfyDIphTVg4LrenWtKXJQP2cdjV8Gd0pBm5bDB2d1qMLe,PASSWORD,7/19/2015,error: undefined method `first' for nil:NilClass,error: undefined method `first' for nil:NilClass
Clayton,Noulton,cnoultong8@xing.com,$2a$04$tXxrAaV9hUfGnGjUIra4J.I0xSPX7rsYIyphrqORkA2fsWL.SLzye,PASSWORD,8/22/2021,error: undefined method `first' for nil:NilClass,error: undefined method `first' for nil:NilClass
Rock,Skoughman,rskoughmang9@tumblr.com,$2a$04$OZIR0IN7qTYxrIfWOvj4LunfZjOIbzLOtPeGlYSVjsTXQvUxOvcn6,GOOGLE,2/23/2025,error: undefined method `first' for nil:NilClass,error: undefined method `first' for nil:NilClass
Salmon,Henriksson,shenrikssonga@theglobeandmail.com,$2a$04$mD/2bqoSjG0FDuMBftoeRuu1T0Wc2BTf5OaAB618OuWhpTMbI.pA2,GOOGLE,8/29/2020,error: undefined method `first' for nil:NilClass,error: undefined method `first' for nil:NilClass
Antoni,Neilson,aneilsongb@webs.com,$2a$04$SL5AcYP8NYWKalbhn5LSiuDfL.6yqbwhwFd0S5sNwHvI5e0VKFCsi,PASSWORD,3/9/2023,error: undefined method `first' for nil:NilClass,error: undefined method `first' for nil:NilClass
Brendan,Guilford,bguilfordgc@microsoft.com,$2a$04$mMmtKp60vH/eVPZiQ2bmo.FkCXlPG9JeDUhx66YjbYbUSOnKKqYkq,GOOGLE,1/12/2016,error: undefined method `first' for nil:NilClass,error: undefined method `first' for nil:NilClass
Logan,Thying,lthyinggd@163.com,$2a$04$c3vWSydFdlcNxt0WnZt7ieIm9HepYE7EY0cDt36FdThDsty7V5P8u,GOOGLE,11/22/2018,error: undefined method `first' for nil:NilClass,error: undefined method `first' for nil:NilClass
Collen,Dalliston,cdallistonge@pcworld.com,$2a$04$PRPtlYsez1ESmFviYkerKevhe1Eg6qkDUId4se/N9GsIFrYaK1Z.S,PASSWORD,4/8/2021,error: undefined method `first' for nil:NilClass,error: undefined method `first' for nil:NilClass
Beale,Paffley,bpaffleygf@icq.com,$2a$04$Mmp4wjs//RNqLE.19hjZAuGWvz8w1T5ZP78aHiimSldQedUAci4Ie,GOOGLE,3/29/2018,error: undefined method `first' for nil:NilClass,error: undefined method `first' for nil:NilClass
Lu,Stephenson,lstephensongg@alibaba.com,$2a$04$3.wzpKwASKWRfcG8WYEIeembsFxg0DNmlF6LOMzA5nEZIWtp6sRc.,PASSWORD,10/13/2018,error: undefined method `first' for nil:NilClass,error: undefined method `first' for nil:NilClass
Rolph,Eliassen,reliassengh@sciencedirect.com,$2a$04$h6E1NOHsRbo1v3OUB./D2Oowb0NXcXaOg0Wp4FRwaMiRIK84Y3nV6,PASSWORD,2/19/2020,error: undefined method `first' for nil:NilClass,error: undefined method `first' for nil:NilClass
Althea,MacMeekan,amacmeekangi@samsung.com,$2a$04$hESfJp2P6W.gfIArM5T88uTOx7tpcsYPpApkWIKGwgT9I6355lm5i,GOOGLE,8/12/2015,error: undefined method `first' for nil:NilClass,error: undefined method `first' for nil:NilClass
Mose,Haggerty,mhaggertygj@tinyurl.com,$2a$04$MgHRcwAYrCRVoeoOozv8EuZS8PtauNPJsP.7qapt4D8odVh18iomy,PASSWORD,10/17/2019,error: undefined method `first' for nil:NilClass,error: undefined method `first' for nil:NilClass
Carlota,Bardwall,cbardwallgk@google.com.br,$2a$04$fHl1bit2hIImcZEQt3.zuuPsej/z1SC/IDnYKJdCRm23wILVZI3Ja,GOOGLE,5/21/2015,error: undefined method `first' for nil:NilClass,error: undefined method `first' for nil:NilClass
Lorens,Oughton,loughtongl@google.com,$2a$04$hn23EXLRVSxK.lI3NDVxGOXPkts5HP0P/3XvOS9NrvMAv873TF1Gm,GOOGLE,12/17/2020,error: undefined method `first' for nil:NilClass,error: undefined method `first' for nil:NilClass
Neile,Readmire,nreadmiregm@symantec.com,$2a$04$GBz2yON4gW7epANBt2NPduzWs1bO5kMHsryJsJOQYI3WBhvMPXq5u,PASSWORD,1/27/2023,error: undefined method `first' for nil:NilClass,error: undefined method `first' for nil:NilClass
Idalina,Raccio,iracciogn@t-online.de,$2a$04$KvZ4bQZPWcpHEyXjnS2gM.Y1M3QyKxpkIwLtZecjnMV9m9WKqRf3O,GOOGLE,9/11/2022,error: undefined method `first' for nil:NilClass,error: undefined method `first' for nil:NilClass
Janette,Bradder,jbraddergo@washingtonpost.com,$2a$04$6amDCZwZ3.7RDVN7OioTLeJw7za.qCVhUarIc1pnAreWeiiPcogoO,GOOGLE,1/21/2019,error: undefined method `first' for nil:NilClass,error: undefined method `first' for nil:NilClass
Karyn,Wagge,kwaggegp@creativecommons.org,$2a$04$s437DdtlqMnv3jRf1kvtreDLmoKQETgXJ9h7JvB.uuMrb.hoBAcpW,PASSWORD,2/4/2017,error: undefined method `first' for nil:NilClass,error: undefined method `first' for nil:NilClass
Rod,Coda,rcodagq@cdbaby.com,$2a$04$b0xQRYVNxpKWnl8q6hkDWuh4lw7AehsDRljEyeV/4drmPN..pr6Ja,GOOGLE,10/13/2025,error: undefined method `first' for nil:NilClass,error: undefined method `first' for nil:NilClass
Holden,Wallsworth,hwallsworthgr@joomla.org,$2a$04$Uz8e1jRastTDAv9/s5DwpOIXItSsDtQfY2Nzy6ItGwWPS9s/bOo7e,GOOGLE,10/10/2022,error: undefined method `first' for nil:NilClass,error: undefined method `first' for nil:NilClass
Kittie,Dewfall,kdewfallgs@nhs.uk,$2a$04$Fd/K20uL6p4WYNcdwBrt4emPJHs9M02DaOeopg6mgrFsAz2OqXOWK,GOOGLE,5/5/2025,error: undefined method `first' for nil:NilClass,error: undefined method `first' for nil:NilClass
Papagena,Shubotham,pshubothamgt@wikispaces.com,$2a$04$SD5lV13u85A2p4hIlf4LU.5mVv0Uokp6cL1E/yWbO0b1ahdMah3aa,PASSWORD,5/22/2022,error: undefined method `first' for nil:NilClass,error: undefined method `first' for nil:NilClass
Ray,Bygott,rbygottgu@w3.org,$2a$04$ebxeWzyq./.G3cvE3w21sOAAtnbNNLpdC9UlMH5AFbPczPqxXg.Lq,PASSWORD,7/8/2018,error: undefined method `first' for nil:NilClass,error: undefined method `first' for nil:NilClass
Mathew,Downs,mdownsgv@cisco.com,$2a$04$uV1B8lWxQ/GZFM6XSfedB.JTVGstvRwv0/MA1E1sASASYuVHPHVHm,GOOGLE,7/15/2025,error: undefined method `first' for nil:NilClass,error: undefined method `first' for nil:NilClass
Caesar,Cholerton,ccholertongw@cnet.com,$2a$04$aRorTOoeD6sam2QZ5AkNeOKUEPY.vfHFF5kHDSGCj1PuFRI9Pr0w.,PASSWORD,2/20/2022,error: undefined method `first' for nil:NilClass,error: undefined method `first' for nil:NilClass
Nike,Cronk,ncronkgx@prlog.org,$2a$04$dKp8klmHHAkRzvQYeNuxi.P96V3ucrrL2sjeIPrTu7AHKGD27i36m,GOOGLE,6/1/2026,error: undefined method `first' for nil:NilClass,error: undefined method `first' for nil:NilClass
Myrtice,Ribchester,mribchestergy@is.gd,$2a$04$bMqjUVRfLKy.ySeQo0KnUe0YJ/ih4.DudZjdd1QlTK7dyHU4GwSDC,GOOGLE,4/11/2017,error: undefined method `first' for nil:NilClass,error: undefined method `first' for nil:NilClass
Tracy,MacLice,tmaclicegz@bloglines.com,$2a$04$F4vVLNGpnIasvUEnqJI6AOSOr6LeOOhekVKXkKPWWTFuV4jSq7YJu,PASSWORD,10/6/2024,error: undefined method `first' for nil:NilClass,error: undefined method `first' for nil:NilClass
Kore,McVitty,kmcvittyh0@arizona.edu,$2a$04$aJ/C4Z.sDtKmjJc9n2C.wu705wtuatVSwyz5WjgZegdxWa7IlJcxK,GOOGLE,1/30/2023,error: undefined method `first' for nil:NilClass,error: undefined method `first' for nil:NilClass
Yuri,Geddis,ygeddish1@themeforest.net,$2a$04$OrvKsvuJm/Ilh2fX6IfKceVariDt9sfp3pT0GnCBdJWF3frZi9PQC,PASSWORD,9/7/2019,error: undefined method `first' for nil:NilClass,error: undefined method `first' for nil:NilClass
Dedie,Taunton.,dtauntonh2@mac.com,$2a$04$uG5PQukP4Hu5V5s2/MaHeOm.P5CWPleM3ZQUPK4Z61EI57C6d63jS,PASSWORD,12/13/2019,error: undefined method `first' for nil:NilClass,error: undefined method `first' for nil:NilClass
Hollie,Zmitrichenko,hzmitrichenkoh3@google.co.uk,$2a$04$rO9PrePEngRh0pAr9Z2V4u6BpB6dspl5GXwAK52gQQOsu7iO/8EWi,GOOGLE,7/26/2025,error: undefined method `first' for nil:NilClass,error: undefined method `first' for nil:NilClass
Skippie,Goodright,sgoodrighth4@example.com,$2a$04$2H9s.Uhnh3o.94QE23.mMupicRzBnLGCW9WusShf0iVl8CN4bx9mK,PASSWORD,3/25/2019,error: undefined method `first' for nil:NilClass,error: undefined method `first' for nil:NilClass
Aloin,Ugolini,augolinih5@goo.ne.jp,$2a$04$ma3EsHxgCTqwQdcntnh39uEJaWUAlHO4dkvpcfd1efRYb4.z3Ruqq,GOOGLE,12/22/2024,error: undefined method `first' for nil:NilClass,error: undefined method `first' for nil:NilClass
Salome,O'Currane,socurraneh6@unc.edu,$2a$04$fZ0pcbJ/iJNitKYaJWZF0.OCue/mHi4jFkPdvNsmeBDOTF7eDNhaG,GOOGLE,9/27/2021,error: undefined method `first' for nil:NilClass,error: undefined method `first' for nil:NilClass
Lexi,Probbin,lprobbinh7@yelp.com,$2a$04$i9fBkOho1TLIY1Y663n0bum9SvjHdGU8oLii3aPc/h1u1svvPcCMG,PASSWORD,3/24/2023,error: undefined method `first' for nil:NilClass,error: undefined method `first' for nil:NilClass
Lonnard,Sandiford,lsandifordh8@taobao.com,$2a$04$u4WHwhLds4J/Nu3f508Rbudoebb8BQBTE8LjvVoV8VR7QT/m7t6/S,GOOGLE,3/14/2024,error: undefined method `first' for nil:NilClass,error: undefined method `first' for nil:NilClass
Nance,Gordge,ngordgeh9@discovery.com,$2a$04$mTwW3vD5eMcBvP2ZiU18yuMH9eruqg7Lc1lb8/QdPXRd6uzQtQkzC,PASSWORD,6/12/2019,error: undefined method `first' for nil:NilClass,error: undefined method `first' for nil:NilClass
Costa,Simonini,csimoniniha@w3.org,$2a$04$ZV1zSmfl/Pak8o96YOP8qOa8vf22lvoxB3uFYvKXUAVajUq5VqylG,PASSWORD,8/9/2020,error: undefined method `first' for nil:NilClass,error: undefined method `first' for nil:NilClass
Lenora,Poad,lpoadhb@reverbnation.com,$2a$04$zfOx01LqcEIGRWE4eTg7mepNifuIB3AF6/yvBoFedDiPfQDwfKSaa,PASSWORD,9/25/2021,error: undefined method `first' for nil:NilClass,error: undefined method `first' for nil:NilClass
Dorthy,Radsdale,dradsdalehc@upenn.edu,$2a$04$Er0.DTyYqWVSVGxI5E8wo./arU1a4CaHETnC5r8RqFbjdGRSYpR6S,PASSWORD,7/25/2021,error: undefined method `first' for nil:NilClass,error: undefined method `first' for nil:NilClass
Sigismundo,Hinken,shinkenhd@engadget.com,$2a$04$sdoHEja63sMOvWBAzzpiYey.QrWTC4WWBxoTyqXjLP824.ff6N9ne,PASSWORD,5/13/2019,error: undefined method `first' for nil:NilClass,error: undefined method `first' for nil:NilClass
Salomon,Dosdale,sdosdalehe@time.com,$2a$04$r64eYH9v3DOAEuNTNKfZLu0taReEG14c0XSLqj0R5HN8sT7eXnqPO,PASSWORD,1/7/2016,error: undefined method `first' for nil:NilClass,error: undefined method `first' for nil:NilClass
Fina,Beech,fbeechhf@hugedomains.com,$2a$04$LnInqT5MG/HRI2FH1wfXK.8i0ev0.4bqhWvbBzNSc3.ugsmX4Hmq6,PASSWORD,11/16/2026,error: undefined method `first' for nil:NilClass,error: undefined method `first' for nil:NilClass
Benedicto,Fortoun,bfortounhg@purevolume.com,$2a$04$g0ssEaqG0vzvWyB2tD/iou5MEQgG6DH453dGBNmfVUccmtUYlf.Ju,GOOGLE,12/20/2019,error: undefined method `first' for nil:NilClass,error: undefined method `first' for nil:NilClass
Wendeline,Rallinshaw,wrallinshawhh@youku.com,$2a$04$TxncNFqhrDARQfyScjddEuz3Kv3V/Xj56Ni4R5K2xryASWgOp51H6,PASSWORD,12/29/2023,error: undefined method `first' for nil:NilClass,error: undefined method `first' for nil:NilClass
Vina,Simmill,vsimmillhi@springer.com,$2a$04$vr/cycGc/NWO13eRR0dDzu/bVm5Jd0RQ2/IyHQrtQ1N3Vxmspkedm,GOOGLE,4/5/2017,error: undefined method `first' for nil:NilClass,error: undefined method `first' for nil:NilClass
Trudie,Rust,trusthj@shareasale.com,$2a$04$Vw6vGhdkT96ZvnfndRRR/OEOM45pTDp980mE2EYTTOQW42c8SRfTC,PASSWORD,11/7/2015,error: undefined method `first' for nil:NilClass,error: undefined method `first' for nil:NilClass
Kamillah,Frankcom,kfrankcomhk@amazonaws.com,$2a$04$r4QG/bTwJuukb/JEAw4w.Oami1hXyZjjNfNDJd0HHxi2nps1MpRxC,GOOGLE,11/15/2025,error: undefined method `first' for nil:NilClass,error: undefined method `first' for nil:NilClass
Cynthy,Normanton,cnormantonhl@mlb.com,$2a$04$5XJ7T71wpdedLYXtLrielOizxqVwV88EJDcazYbYqMOuPQQApsFiK,GOOGLE,10/8/2015,error: undefined method `first' for nil:NilClass,error: undefined method `first' for nil:NilClass
Brooke,Ros,broshm@mac.com,$2a$04$8SVRHU4eQIp6Agyu3FUL8eD4EhGzXZ8J1mv.nyXw9dWD5iGzjlRCq,GOOGLE,6/17/2021,error: undefined method `first' for nil:NilClass,error: undefined method `first' for nil:NilClass
Kalvin,Frend,kfrendhn@amazon.de,$2a$04$Qs2b0t2ZrG8TtzVxC22VFem7TH6FybysDUBe0Trp0f4ISB3RUaK0O,PASSWORD,2/18/2020,error: undefined method `first' for nil:NilClass,error: undefined method `first' for nil:NilClass
Martina,Earey,meareyho@forbes.com,$2a$04$zW2dvs65QFof3xl8GNkAfOR1SrHPzer.A.h9eWyIe6FD9EnDBrlSW,GOOGLE,12/11/2026,error: undefined method `first' for nil:NilClass,error: undefined method `first' for nil:NilClass
Katharyn,Fransemai,kfransemaihp@forbes.com,$2a$04$o1MgWnn2q3E/xajyA5K/7OIgFiJcKEkgZC.JhglL8qc5c9wes3fRy,PASSWORD,3/19/2020,error: undefined method `first' for nil:NilClass,error: undefined method `first' for nil:NilClass
Putnam,Abilowitz,pabilowitzhq@chronoengine.com,$2a$04$517FnAioCxiVwAm5hpA6Pe5NiIdZaeBvsqzJgIDwaS9/XssE/RQ7q,GOOGLE,3/26/2019,error: undefined method `first' for nil:NilClass,error: undefined method `first' for nil:NilClass
Florrie,Solly,fsollyhr@google.com.hk,$2a$04$rjR2bjGhy6X0T3sInPpMPOUPvD1gb8lchbflp/UQBZUg1TzNICALO,PASSWORD,11/25/2019,error: undefined method `first' for nil:NilClass,error: undefined method `first' for nil:NilClass
Brendan,Whaymand,bwhaymandhs@digg.com,$2a$04$/I6q6b3MHPDiETKyhBUayeKDC2cMbdyYrmNoCFz7HBeMZ0NeTUpRu,GOOGLE,3/21/2018,error: undefined method `first' for nil:NilClass,error: undefined method `first' for nil:NilClass
Mayer,Eathorne,meathorneht@yale.edu,$2a$04$vpct0n/2IMtRQTMsS8/KvuLjC5j40j7kXNwfr7Y/LfKupwi7iOI42,PASSWORD,12/25/2019,error: undefined method `first' for nil:NilClass,error: undefined method `first' for nil:NilClass
Romeo,Nucator,rnucatorhu@sphinn.com,$2a$04$p1HT.Q6m7jQYC.DIGUnxjOQ1/bL4JUUNtKwYYdIYoTnKBBg1cRC2.,PASSWORD,4/9/2026,error: undefined method `first' for nil:NilClass,error: undefined method `first' for nil:NilClass
Jory,Wetherell,jwetherellhv@surveymonkey.com,$2a$04$RZq9AGr1xDoDfUv8po9j3e8BuR0gsEbzHNR8.0jXV7eJ5nVUJ9A5W,PASSWORD,10/12/2020,error: undefined method `first' for nil:NilClass,error: undefined method `first' for nil:NilClass
Chico,Malan,cmalanhw@redcross.org,$2a$04$h/2vLwJfOiWFJvHjdT700uiAAPSjju8u4V2m/WJKuHvww.3KBzizO,GOOGLE,3/17/2020,error: undefined method `first' for nil:NilClass,error: undefined method `first' for nil:NilClass
Patrice,Prugel,pprugelhx@unblog.fr,$2a$04$ySRWiJdqLLcz6r/NpD74BeFccrcpLEfPG2ynnkbxGSGs91f0A2Rmm,PASSWORD,12/30/2021,error: undefined method `first' for nil:NilClass,error: undefined method `first' for nil:NilClass
Taite,McEllen,tmcellenhy@hud.gov,$2a$04$JSxaVGLeejLPUwFVmX2fXOOlzk0nSvcQ91BrYmyuizJ7vmfzmo4si,GOOGLE,6/12/2022,error: undefined method `first' for nil:NilClass,error: undefined method `first' for nil:NilClass
Maurizia,Booty,mbootyhz@marriott.com,$2a$04$/gg7qft8/qpjwAW1wHI1HeoghLCS0erNw6I7h3AZf5VMHmWfO61WS,GOOGLE,7/11/2019,error: undefined method `first' for nil:NilClass,error: undefined method `first' for nil:NilClass
Early,Galea,egaleai0@networkadvertising.org,$2a$04$VJoVKd9ZQf2Cv7bZfuC1aevXIzzIHAKpNdhR06KL9VU9LrCkwL1aC,PASSWORD,9/16/2018,error: undefined method `first' for nil:NilClass,error: undefined method `first' for nil:NilClass
Jacquenetta,Millis,jmillisi1@cornell.edu,$2a$04$Pok3ui8.pOje3y778VwKu.iJgntWob9/eNKrXrLj4soR/fqL.lOZ.,PASSWORD,9/9/2026,error: undefined method `first' for nil:NilClass,error: undefined method `first' for nil:NilClass
Linnie,Jaumet,ljaumeti2@telegraph.co.uk,$2a$04$dk84QlIq7i75RR1/yDq5B.4nFUAIDkE.xyUlNKUXHRg5mCd.c9XwW,PASSWORD,2/1/2017,error: undefined method `first' for nil:NilClass,error: undefined method `first' for nil:NilClass
Kerrill,Burgher,kburgheri3@sbwire.com,$2a$04$FbC3vRsqlbWev8Z2qpaV2uQBumi3JFvJxUpWh12VJYJHUPvv/zDr.,PASSWORD,6/26/2019,error: undefined method `first' for nil:NilClass,error: undefined method `first' for nil:NilClass
Gayle,Schankelborg,gschankelborgi4@marketwatch.com,$2a$04$xifIIUY6Nuq9IPGJJPF4RuT5QLxx6t5H.e5sUVajYPGcE0K5CN4Pu,PASSWORD,11/1/2018,error: undefined method `first' for nil:NilClass,error: undefined method `first' for nil:NilClass
Audry,Ambrogioni,aambrogionii5@baidu.com,$2a$04$cynfZ9TCBDAxk.JcpLXqF.pTj9nkGXGbmyfUagPgkajhtKbTcjIXu,GOOGLE,11/2/2026,error: undefined method `first' for nil:NilClass,error: undefined method `first' for nil:NilClass
Ruthann,Hupka,rhupkai6@goodreads.com,$2a$04$QusDMipOislqdShnGiWQoODNkyd4hTejVNzQ9.Kb35y8L3jd4VOWS,GOOGLE,11/2/2026,error: undefined method `first' for nil:NilClass,error: undefined method `first' for nil:NilClass
Artemis,Pickard,apickardi7@xinhuanet.com,$2a$04$ANB1oEt7de0kLnbLqPHE6O/tuZTW1.scp6JRe.IxEq.tuvnUph8g6,PASSWORD,5/12/2020,error: undefined method `first' for nil:NilClass,error: undefined method `first' for nil:NilClass
Niccolo,Bainton,nbaintoni8@shop-pro.jp,$2a$04$SG1U6AqqIdLi5Bcg2gdhNuBdr3OGd5l81plIN89xBTDjrImRV8IZy,PASSWORD,3/13/2018,error: undefined method `first' for nil:NilClass,error: undefined method `first' for nil:NilClass
Baryram,Nunson,bnunsoni9@shop-pro.jp,$2a$04$F726qixOf1fhXur0ERhcAuWV455w48S5cnFx4QQD0mKG.tA2VHhyC,GOOGLE,4/19/2024,error: undefined method `first' for nil:NilClass,error: undefined method `first' for nil:NilClass
Debora,Fluin,dfluinia@java.com,$2a$04$NhTjBXDZl3c4tX4kD3ST0OGsCi4Yh6Vnra9KYKmk6yH75x2SXz7rS,GOOGLE,8/22/2021,error: undefined method `first' for nil:NilClass,error: undefined method `first' for nil:NilClass
Rhetta,Bence,rbenceib@nps.gov,$2a$04$0uEpcLEVBkRbunFM5Nca5entbMP08SSJmxBaILI8h/YEFx2dJBBeq,GOOGLE,7/31/2016,error: undefined method `first' for nil:NilClass,error: undefined method `first' for nil:NilClass
Dev,Renachowski,drenachowskiic@ezinearticles.com,$2a$04$LXRz1PBh995jsQ6PzaZmDOmRKH0oMJo1HhoVkeM5EjASM/bY0CnMe,PASSWORD,11/16/2019,error: undefined method `first' for nil:NilClass,error: undefined method `first' for nil:NilClass
Florence,Richten,frichtenid@hud.gov,$2a$04$ab40hgUyTtWUZ7Ar5kpGheYvT5u0nMeDfEPkI2Fan0Z6PtMIBY0aK,PASSWORD,6/16/2019,error: undefined method `first' for nil:NilClass,error: undefined method `first' for nil:NilClass
Ardine,Putnam,aputnamie@com.com,$2a$04$msgZgSYiFIL7nDaiYHwo5OfNNuN0XR4Mar.8135GJU1CmsN0LIR0q,PASSWORD,9/28/2025,error: undefined method `first' for nil:NilClass,error: undefined method `first' for nil:NilClass
Eadith,Levee,eleveeif@nps.gov,$2a$04$8CS.vZeEhAhPD6tbgynUPOjG82h1vK748YKsr/PNIORoPBmAeu5Di,PASSWORD,9/9/2021,error: undefined method `first' for nil:NilClass,error: undefined method `first' for nil:NilClass
Vladamir,Driscoll,vdriscollig@nydailynews.com,$2a$04$JV.E4m3SVfxS8ZusTwMAzO1zBqUx2qQgSbBEkHeRU0NsbTZ9Pxpv2,GOOGLE,10/2/2025,error: undefined method `first' for nil:NilClass,error: undefined method `first' for nil:NilClass
Dorothee,Gaynesford,dgaynesfordih@virginia.edu,$2a$04$VBQKKNXMsPflFdFhyWBtUepdM/B2kQv3BC4qapE1zcxvMHSMhSvUu,PASSWORD,8/6/2019,error: undefined method `first' for nil:NilClass,error: undefined method `first' for nil:NilClass
Lilah,Royle,lroyleii@hatena.ne.jp,$2a$04$WLvL3O412i/mfU.KEXMPn.2Spr7/Wb/A6h7Ov58eS1IGD0Tu/9b8O,GOOGLE,9/6/2019,error: undefined method `first' for nil:NilClass,error: undefined method `first' for nil:NilClass
Marge,St Pierre,mstpierreij@google.ca,$2a$04$OurAwXKpCH4LL/u9J5GS0u4tGgfglw/sD3gfYISJ4qbN5FCfr9pLy,PASSWORD,1/7/2019,error: undefined method `first' for nil:NilClass,error: undefined method `first' for nil:NilClass
Frasquito,Benditt,fbendittik@nymag.com,$2a$04$9X211lFpi3nd1vIROldf0OvgbC/yBQgwb86xz1RS17OXBlJQnR.aK,PASSWORD,3/2/2019,error: undefined method `first' for nil:NilClass,error: undefined method `first' for nil:NilClass
Weider,Pimmocke,wpimmockeil@sfgate.com,$2a$04$DtqRGDDOEwo/nakqNNHPMOnQ3CQzV5GWvADRSpioKLOsjm1ZVzWhS,PASSWORD,1/19/2015,error: undefined method `first' for nil:NilClass,error: undefined method `first' for nil:NilClass
Hank,Doale,hdoaleim@hibu.com,$2a$04$6uVjfeJGwqgy6nGVFoFJn.SMGUFxCwvzxsH8mVrowAJVRuCBeDDF.,GOOGLE,1/3/2019,error: undefined method `first' for nil:NilClass,error: undefined method `first' for nil:NilClass
Kirsti,Fronzek,kfronzekin@bbb.org,$2a$04$HAjyY5XgxuyDJ0XRbMa8w.uie.6JC32ZxrA47YaSfGcabvTfN8zLa,GOOGLE,5/22/2024,error: undefined method `first' for nil:NilClass,error: undefined method `first' for nil:NilClass
Dell,Shakshaft,dshakshaftio@1688.com,$2a$04$iI8filohAgjVukStSBk0De2eHA3DK3pzWwH8n/d0X8EGnKtW4ilra,GOOGLE,7/1/2017,error: undefined method `first' for nil:NilClass,error: undefined method `first' for nil:NilClass
Morena,Cawthra,mcawthraip@ning.com,$2a$04$JfgXzuc.i4A/XD4DPzgFfezTkh4m0Qa.cWu0am2CkV1VB.UlaQ.em,GOOGLE,9/10/2022,error: undefined method `first' for nil:NilClass,error: undefined method `first' for nil:NilClass
Cordie,O'Kielt,cokieltiq@shinystat.com,$2a$04$xmf4KKpEaLcEH9ENn4yAfOCJFYaoFOEERZV5eTxq2jGVpZbByGbEK,PASSWORD,4/6/2016,error: undefined method `first' for nil:NilClass,error: undefined method `first' for nil:NilClass
Cherie,Aizikovitz,caizikovitzir@ycombinator.com,$2a$04$wnr.V0EGXukcowt5tVq0Pe/SworkSOdrPFsycW2aIUvfWcG7Hoavy,PASSWORD,3/5/2019,error: undefined method `first' for nil:NilClass,error: undefined method `first' for nil:NilClass
Auberon,Haythorne,ahaythorneis@t.co,$2a$04$og8TjIL5jScc/Txj5oSK6e.kR.Sr0sF.HEqV2pIULpKO23k1bZUc.,GOOGLE,7/25/2018,error: undefined method `first' for nil:NilClass,error: undefined method `first' for nil:NilClass
Aloin,Madge,amadgeit@bloglines.com,$2a$04$nYfI1EIUDJAagMcU2hmpmufLoKxMW6D0URKGastb1alcc4m/aG1mG,PASSWORD,3/5/2024,error: undefined method `first' for nil:NilClass,error: undefined method `first' for nil:NilClass
Evin,Calbaithe,ecalbaitheiu@delicious.com,$2a$04$ZYjXIpP/pRSph.kTbUWxceT82h9a2SETysxGFnilhC.Aufdt8YV.m,GOOGLE,9/29/2025,error: undefined method `first' for nil:NilClass,error: undefined method `first' for nil:NilClass
Shelia,Georgelin,sgeorgeliniv@geocities.com,$2a$04$4NbAOnwgNNrG5eRkNZPGeOeS40AcRZ.9ASHCkhz/ZA0CpGGJHtRTq,GOOGLE,3/21/2019,error: undefined method `first' for nil:NilClass,error: undefined method `first' for nil:NilClass
Camilla,Meeks,cmeeksiw@cornell.edu,$2a$04$KAM.bWU1fyI3jfTA.V7LkepwV69kKIDMdhZU/iuc.GDw.YStEBh8m,PASSWORD,8/24/2021,error: undefined method `first' for nil:NilClass,error: undefined method `first' for nil:NilClass
Pinchas,Daubney,pdaubneyix@archive.org,$2a$04$4DaWi7eSWUQNE4WvgaUa0Ocu7HwPNTvD.hXA4znW4lsl8fC3YAdgC,PASSWORD,6/11/2021,error: undefined method `first' for nil:NilClass,error: undefined method `first' for nil:NilClass
Mareah,Sirmond,msirmondiy@blog.com,$2a$04$lDLjVqZetzGSu4QiJVGzresMfccjAgyYul4WbJLl3JBPkmfnHVHeG,PASSWORD,9/30/2019,error: undefined method `first' for nil:NilClass,error: undefined method `first' for nil:NilClass
Mallory,Iglesias,miglesiasiz@nature.com,$2a$04$CZSH0HnyCBAPJJ6mwopD/OjUF8l2Y9HhUiMoP1MUbGd3SY/Yp8jo6,GOOGLE,1/3/2021,error: undefined method `first' for nil:NilClass,error: undefined method `first' for nil:NilClass
Kathlin,Derington,kderingtonj0@microsoft.com,$2a$04$TdJDbuSVjhOLp3BddoTsSOfHn/I8ouDqepD3CSDihl/8sQYQCnClm,PASSWORD,4/6/2022,error: undefined method `first' for nil:NilClass,error: undefined method `first' for nil:NilClass
Luigi,Millott,lmillottj1@abc.net.au,$2a$04$PhTYHF3u2BK8uwEtHlXDlej90QtkFbko4KVDpSshp5Gvh.UpBXdk.,GOOGLE,5/1/2022,error: undefined method `first' for nil:NilClass,error: undefined method `first' for nil:NilClass
Ethelbert,Spanton,espantonj2@amazon.co.jp,$2a$04$0WztbHK8zlkrTNgrsL..e.AU7C4Qz1XGlRPehn3odJ1RZ/aMmJSpa,GOOGLE,7/15/2021,error: undefined method `first' for nil:NilClass,error: undefined method `first' for nil:NilClass
Elyse,Merrill,emerrillj3@weibo.com,$2a$04$2NyPrRA4n.G7OAOq.I.q2.RbXodGnQKGZaTeeqIALq70rPjBogPZK,GOOGLE,2/17/2022,error: undefined method `first' for nil:NilClass,error: undefined method `first' for nil:NilClass
Granville,Boldecke,gboldeckej4@epa.gov,$2a$04$wQqThkwWGbaUWRraw.mLReG0ESDJNH1idjsmutEcnUhkf7hSxD4ze,PASSWORD,3/28/2018,error: undefined method `first' for nil:NilClass,error: undefined method `first' for nil:NilClass
Gerri,Vallens,gvallensj5@acquirethisname.com,$2a$04$N1TJ/p7PzbEe0JSbWZ2O8.QClLv73fJvmB.nZVyuvEKQCQT.WMQCK,PASSWORD,2/24/2021,error: undefined method `first' for nil:NilClass,error: undefined method `first' for nil:NilClass
Drusilla,Pash,dpashj6@cdbaby.com,$2a$04$uJbotVVTJ2Vtsw8s7G92J.dm4Cf6NvnEVOl4Z5XpxGeW8TaRIXUcW,PASSWORD,4/16/2026,error: undefined method `first' for nil:NilClass,error: undefined method `first' for nil:NilClass
Emeline,Sawell,esawellj7@instagram.com,$2a$04$d/AXDR/0RTwmymsBIy1ZietLfVQ46QdWyfqBbwWQ6G4fkqP3z2N.2,PASSWORD,7/27/2019,error: undefined method `first' for nil:NilClass,error: undefined method `first' for nil:NilClass
Sylvester,Coughan,scoughanj8@mail.ru,$2a$04$ntlrlALgNTJFurQ8UrGoaOe//PE4wYai8CnDNljiuNN3.l00E9W2y,PASSWORD,7/10/2020,error: undefined method `first' for nil:NilClass,error: undefined method `first' for nil:NilClass
Marie-jeanne,Nicholls,mnichollsj9@dyndns.org,$2a$04$MDdQCfjDWtgiVuiaT7XE4OP3JTtHq0eAF1HGLCkUKhat2VpGQ2kLm,GOOGLE,12/4/2020,error: undefined method `first' for nil:NilClass,error: undefined method `first' for nil:NilClass
Lanette,Gritsunov,lgritsunovja@youku.com,$2a$04$S/Y.r8.K3DaVkGLPOO4buubc65Ko8H9518YipjB8WbWAGMW1u6M2y,GOOGLE,7/13/2017,error: undefined method `first' for nil:NilClass,error: undefined method `first' for nil:NilClass
Yvor,Berkley,yberkleyjb@booking.com,$2a$04$M34nDmCIhm2Yu9MwklSmHOcv/U0ZeJLD8td5PSA5pmarc3yihORw2,GOOGLE,11/22/2020,error: undefined method `first' for nil:NilClass,error: undefined method `first' for nil:NilClass
Ketti,Cottey,kcotteyjc@theguardian.com,$2a$04$pcMrkSNCExHSyepU3w5iROSNaJWEeGFE/aZZsDO7hkZmbFKofbmx6,GOOGLE,1/10/2022,error: undefined method `first' for nil:NilClass,error: undefined method `first' for nil:NilClass
Lorry,Murname,lmurnamejd@friendfeed.com,$2a$04$ffwcLzLzEjGz4ywE.ad2jOW6oL5RwLMdyN7guEnethg7CwUImaAjK,PASSWORD,7/25/2023,error: undefined method `first' for nil:NilClass,error: undefined method `first' for nil:NilClass
Dulcy,Chooter,dchooterje@yellowpages.com,$2a$04$04OjVqTGZMcQItBC7xFYnOnVtCHem3JAnPKh7jYJUsvf66IN2jyuW,PASSWORD,5/7/2016,error: undefined method `first' for nil:NilClass,error: undefined method `first' for nil:NilClass
Luciano,Nend,lnendjf@phoca.cz,$2a$04$rQRji7pog0pHb5ZRFOSvWukZElVgr/4CtPT.lCdV4wkCU2L0UJ0kS,GOOGLE,9/23/2024,error: undefined method `first' for nil:NilClass,error: undefined method `first' for nil:NilClass
Krishnah,Chrstine,kchrstinejg@infoseek.co.jp,$2a$04$6soswp20/n8UM.tE8MMU/uw8jgfOIQsSKYlWExiCcPcz0j32qxKy.,PASSWORD,3/4/2018,error: undefined method `first' for nil:NilClass,error: undefined method `first' for nil:NilClass
Humberto,Sorrie,hsorriejh@bizjournals.com,$2a$04$KOTzKB.w6KPEit4xwoRaj.NNzSnVUcyTRjpEpw32E0IZiJHdijx1G,GOOGLE,12/13/2026,error: undefined method `first' for nil:NilClass,error: undefined method `first' for nil:NilClass
Rosalie,Dunkirk,rdunkirkji@unicef.org,$2a$04$vgyaTyzJ8JHNAb9wk22QM.QmOiM8XDz1y.Vp1tZOoUKkFi4iicdWe,GOOGLE,12/6/2024,error: undefined method `first' for nil:NilClass,error: undefined method `first' for nil:NilClass
Aurie,Klageman,aklagemanjj@census.gov,$2a$04$09pXkLCunH9RuNi5bJ/9qe25tQ2kLNZiVJyKbSrpwQVSRpAfslEzW,GOOGLE,2/27/2026,error: undefined method `first' for nil:NilClass,error: undefined method `first' for nil:NilClass
Donnell,Teanby,dteanbyjk@ning.com,$2a$04$zkl8uF5rGeCiXB81lGSQ3eFqP3msyDiBoSAQiFZg676DYnDc.m402,PASSWORD,2/5/2023,error: undefined method `first' for nil:NilClass,error: undefined method `first' for nil:NilClass
Lexi,Petyankin,lpetyankinjl@tiny.cc,$2a$04$xSe7hBUi8kO9MJm3U4YMl.CHieWXvfgczFY1F3uXZg1uO3rgbAyN.,PASSWORD,8/26/2021,error: undefined method `first' for nil:NilClass,error: undefined method `first' for nil:NilClass
Maren,Minguet,mminguetjm@cdc.gov,$2a$04$4hD4V1GQy7Ed/WiPImBBL.pTsHw2DaD9N5/rwj9UrTPmdaXbWmuki,GOOGLE,12/25/2016,error: undefined method `first' for nil:NilClass,error: undefined method `first' for nil:NilClass
Jaimie,Boulder,jboulderjn@paypal.com,$2a$04$7xtse0wITA88IolUthCG6uWQqlvJa3Sx/udeS.YbZH44WMvkpK3By,GOOGLE,4/23/2024,error: undefined method `first' for nil:NilClass,error: undefined method `first' for nil:NilClass
Lothario,Dumphreys,ldumphreysjo@princeton.edu,$2a$04$YABDMIWK9zzrLiJZB98J2uuZF.TZutXOHIQ0argsU6w/Q5h0X/6ZO,GOOGLE,11/8/2021,error: undefined method `first' for nil:NilClass,error: undefined method `first' for nil:NilClass
Julienne,Spears,jspearsjp@vimeo.com,$2a$04$iyDVa9L8jDOId6WfEUojOerVciFYguewSgIx9a7CXjnrjK0A2Uara,PASSWORD,10/6/2017,error: undefined method `first' for nil:NilClass,error: undefined method `first' for nil:NilClass
Uriah,Messer,umesserjq@theatlantic.com,$2a$04$EO7znAPkaETimh4I8FLqbusoCcgFgF6Lg4C1ZU/LWnVuuZjN2kDJe,GOOGLE,12/15/2025,error: undefined method `first' for nil:NilClass,error: undefined method `first' for nil:NilClass
Fidelio,Leat,fleatjr@webs.com,$2a$04$irrwtoRagi3KDiVrtwRWv.EG5DEzLFdoo99ysT2H57C9k.9EbEmIK,GOOGLE,12/10/2020,error: undefined method `first' for nil:NilClass,error: undefined method `first' for nil:NilClass
Shermie,Creber,screberjs@examiner.com,$2a$04$HlObhpVKr7f7.wA5LMsqyeK.IbPFTQWGRpYP1l/RPB1i84.ta4Twa,PASSWORD,2/26/2024,error: undefined method `first' for nil:NilClass,error: undefined method `first' for nil:NilClass
Onida,Heinke,oheinkejt@naver.com,$2a$04$xjKOLiKUCr4idRpwpbOMl.n7OKQ6rabaxOkGOidYd3zC1JTrpkswq,PASSWORD,7/12/2021,error: undefined method `first' for nil:NilClass,error: undefined method `first' for nil:NilClass
Lauritz,Soeiro,lsoeiroju@i2i.jp,$2a$04$KENRJ02lTzVpbGyv0SQY7.8vEga.KUy5NUm6hqBQif6aFvBB1gg..,PASSWORD,7/2/2026,error: undefined method `first' for nil:NilClass,error: undefined method `first' for nil:NilClass
Charisse,Tedorenko,ctedorenkojv@upenn.edu,$2a$04$YIOJPbGLcvo3qUTIK9J0Xu1mTpoYba7Epe/Cph1k/reBMf1BksMAe,PASSWORD,4/12/2024,error: undefined method `first' for nil:NilClass,error: undefined method `first' for nil:NilClass
Camilla,Caton,ccatonjw@buzzfeed.com,$2a$04$tyLjTIWn0DXOB7p3bIYdIupCNlcogNZlJXxqiSifTb4jaIkkn97va,PASSWORD,12/8/2026,error: undefined method `first' for nil:NilClass,error: undefined method `first' for nil:NilClass
Harold,Hegarty,hhegartyjx@narod.ru,$2a$04$JOun04BwxLLDI9CI0CZtD.HTuO6BUt91rvG4a5ZDALMcdcdMVDUcG,GOOGLE,11/11/2016,error: undefined method `first' for nil:NilClass,error: undefined method `first' for nil:NilClass
Jewelle,Aveline,javelinejy@google.com.br,$2a$04$8eLC.Kjh8ansGfKDbv9MSeU3essuIa7KcBgISRstmhZKtq.OHCpiG,PASSWORD,4/8/2023,error: undefined method `first' for nil:NilClass,error: undefined method `first' for nil:NilClass
Tammi,Jarrette,tjarrettejz@comcast.net,$2a$04$BoK6Lb1s/l6JhKnOAvevYefTHW22Tp/80VNW3Phvqp/DCcNh9Jo76,PASSWORD,4/4/2019,error: undefined method `first' for nil:NilClass,error: undefined method `first' for nil:NilClass
Robbi,Martynka,rmartynkak0@angelfire.com,$2a$04$mP.VLl3t63DXnFeMmyt.AOyJCr8nrZSim.TXl1Uj3MgYbyAUTLen.,PASSWORD,1/8/2018,error: undefined method `first' for nil:NilClass,error: undefined method `first' for nil:NilClass
Brana,Tordoff,btordoffk1@nydailynews.com,$2a$04$C7mu/Rsx6qhzwApxusLto.Os/qk9ABMM6lo5OFj.zMm4VLtIl7WGG,GOOGLE,2/7/2026,error: undefined method `first' for nil:NilClass,error: undefined method `first' for nil:NilClass
Emery,Heminsley,eheminsleyk2@wix.com,$2a$04$Ebk5r2lqCQZetXbmVErp6e6.2VAgpvcg2Me4k5CHDzpsXsLfnmpb6,GOOGLE,1/12/2022,error: undefined method `first' for nil:NilClass,error: undefined method `first' for nil:NilClass
Boycie,Syers,bsyersk3@usatoday.com,$2a$04$Y84ZfehM5eisQQTbV0XOzu7DLeqXgdxeBHlJWhisGhL7zeMQ4ZKkW,PASSWORD,7/24/2026,error: undefined method `first' for nil:NilClass,error: undefined method `first' for nil:NilClass
Vonny,Tolman,vtolmank4@usatoday.com,$2a$04$ivheLMm5MxlFLu72sHh1KeO32UrqSQBIGgS1Pay7sNYBEmm5XOjxe,PASSWORD,6/25/2026,error: undefined method `first' for nil:NilClass,error: undefined method `first' for nil:NilClass
Lotta,Jalland,ljallandk5@usgs.gov,$2a$04$MBiDwABLjnX7srqkbXubTu.gEOmMNtly22q1woaupqqLSqDgwJ35.,PASSWORD,1/15/2018,error: undefined method `first' for nil:NilClass,error: undefined method `first' for nil:NilClass
Randolf,Whatman,rwhatmank6@webs.com,$2a$04$FeVkQc5jVp7ZtojiK.WDwurcSyEieG4LrxN.KxwK088jBh90/Ra5S,PASSWORD,5/9/2023,error: undefined method `first' for nil:NilClass,error: undefined method `first' for nil:NilClass
Erminie,Riche,erichek7@theglobeandmail.com,$2a$04$WWrOqceLQXv61sY4bRHfxee7mXpOel1e1BKv1rnHwsidlIUwlQq2m,GOOGLE,8/11/2026,error: undefined method `first' for nil:NilClass,error: undefined method `first' for nil:NilClass
Broderick,Cozby,bcozbyk8@google.de,$2a$04$N2ufkWkBTxMBRaB0nCYIGOh9T7r7T3ZewddN9dQ1GEVIh55pknw4G,GOOGLE,9/25/2015,error: undefined method `first' for nil:NilClass,error: undefined method `first' for nil:NilClass
Charis,Belfit,cbelfitk9@instagram.com,$2a$04$BQA1gRvtM2sRZsOlSqi9L.cNezj.6RJsW8rE724R0dwLHHuuuDLsy,PASSWORD,2/25/2015,error: undefined method `first' for nil:NilClass,error: undefined method `first' for nil:NilClass
Binnie,MacCoveney,bmaccoveneyka@answers.com,$2a$04$yQ.oZAbYRNNApCSZO0/rOO9AYzUX6ZxEOkIaPH3loLSwz1uNhXaCG,PASSWORD,1/25/2026,error: undefined method `first' for nil:NilClass,error: undefined method `first' for nil:NilClass
Kakalina,MacEnelly,kmacenellykb@toplist.cz,$2a$04$DGxy1TYhDJFEYhWFQc0I6OHTcMYWN0FrNW6E0ZZJDvhqocnbQjFeW,PASSWORD,12/13/2017,error: undefined method `first' for nil:NilClass,error: undefined method `first' for nil:NilClass
Ozzie,Spinola,ospinolakc@cocolog-nifty.com,$2a$04$xkkm4CI.ouWs4iQLEEr4.OENhnYnsrLI1XrvD3sNcPmSDih5fY0/C,GOOGLE,1/15/2025,error: undefined method `first' for nil:NilClass,error: undefined method `first' for nil:NilClass
Delcina,Silby,dsilbykd@buzzfeed.com,$2a$04$YmEqiIdxDVgdu.d0ZgWH1u17j4rClnVUeU0EwIpHkCfWNLLyjbQua,GOOGLE,3/4/2024,error: undefined method `first' for nil:NilClass,error: undefined method `first' for nil:NilClass
Kearney,Court,kcourtke@wikimedia.org,$2a$04$zSWRa/ZcIgY8nJ2XgUUmvOJaAshlUAcco82YnqFgdyjLwy0ezl8nW,GOOGLE,3/4/2021,error: undefined method `first' for nil:NilClass,error: undefined method `first' for nil:NilClass
Lonna,Prosser,lprosserkf@alexa.com,$2a$04$xp6kzTr.//lyxaA9.JoXv.3aJmZJ1eIrw7dRPEUO7vg44tKJxQ53u,PASSWORD,5/6/2018,error: undefined method `first' for nil:NilClass,error: undefined method `first' for nil:NilClass
Galven,Riccard,griccardkg@networkadvertising.org,$2a$04$5CTliOTkaCcwtGCOYl1yVO.h7R3uN9VIn2R1QMExSLNOrg5dYbe2C,GOOGLE,11/16/2021,error: undefined method `first' for nil:NilClass,error: undefined method `first' for nil:NilClass
Ermina,Donald,edonaldkh@symantec.com,$2a$04$Q34UqLaesgN85f/KQt8ilu2zoVmdaryDVMhlCx0m2ah4wE5NsHqCG,GOOGLE,4/10/2024,error: undefined method `first' for nil:NilClass,error: undefined method `first' for nil:NilClass
Ignacius,Itzhayek,iitzhayekki@phoca.cz,$2a$04$V7jRNllMXn0P1VcprKlAcujpe7GD1IctOAfDyyHxubj.GkSMvToVe,PASSWORD,5/19/2020,error: undefined method `first' for nil:NilClass,error: undefined method `first' for nil:NilClass
Rickey,Dewberry,rdewberrykj@tmall.com,$2a$04$HuMOGR.7A/fAdFBnZ4mEDeYUvnCiw3TgeVp7eAWEPjfrGtHGvj4Tm,GOOGLE,6/2/2015,error: undefined method `first' for nil:NilClass,error: undefined method `first' for nil:NilClass
Meris,Halgarth,mhalgarthkk@salon.com,$2a$04$hKyNZddTElQs85AKrlWy3uZubtTqeQq2bZTVUh2ST0IXd3O496j3.,GOOGLE,4/13/2022,error: undefined method `first' for nil:NilClass,error: undefined method `first' for nil:NilClass
Nonie,Poile,npoilekl@ftc.gov,$2a$04$Ksyy.82oS0vgJffjobr.TOdAylyDtvC2MKuTvcmvs7eqksVxqR5xq,GOOGLE,7/11/2026,error: undefined method `first' for nil:NilClass,error: undefined method `first' for nil:NilClass
Cristi,Burde,cburdekm@ehow.com,$2a$04$WEjAqEtwH6hngyGbbtvG7O5yznn5BAFdxErjU6sUn2/vA5v/FR2c2,GOOGLE,3/2/2022,error: undefined method `first' for nil:NilClass,error: undefined method `first' for nil:NilClass
Blaine,Norkutt,bnorkuttkn@sciencedirect.com,$2a$04$WEfqqyIYEDTvlLXoenxFQOgGd.wnMV7xR9dweCgqecU3xxDKyKdJK,GOOGLE,9/2/2021,error: undefined method `first' for nil:NilClass,error: undefined method `first' for nil:NilClass
Katti,Yakebowitch,kyakebowitchko@edublogs.org,$2a$04$3j6zVlsbYo2ZUjKZFhW8.urHGMq5BGtzWc.5IaBjjR11kiyVHH.BW,PASSWORD,3/21/2016,error: undefined method `first' for nil:NilClass,error: undefined method `first' for nil:NilClass
Haroun,Conrad,hconradkp@time.com,$2a$04$MtK05F2B0JhZSGthX1/ch.YdwyyrfJg93ht62E0XA61EaFoyGrSri,PASSWORD,10/21/2022,error: undefined method `first' for nil:NilClass,error: undefined method `first' for nil:NilClass
Kinnie,Bushaway,kbushawaykq@xrea.com,$2a$04$EHK1tPymi0iW/WrbpHWbXuiLf9lzsulyBnjyCTWTOuapKTfiqWQwG,GOOGLE,3/8/2021,error: undefined method `first' for nil:NilClass,error: undefined method `first' for nil:NilClass
Lucais,Rideout,lrideoutkr@tmall.com,$2a$04$U2WJ6VRe5sxafkJKfxPsKuYl7qYuwRsZpsVgvQG357/21xwe6GrvW,GOOGLE,8/6/2021,error: undefined method `first' for nil:NilClass,error: undefined method `first' for nil:NilClass
Kelwin,Aidler,kaidlerks@reference.com,$2a$04$3AXSvn1XQ8i/TunsuAkwVeq7R5ZYc4XAnjePjYqvbVwJxrTfz/POe,PASSWORD,8/21/2024,error: undefined method `first' for nil:NilClass,error: undefined method `first' for nil:NilClass
Percival,Shearmer,pshearmerkt@webmd.com,$2a$04$c4Ae.Wan8WgmIvxEUm978eqa4Xh31Zv58Yxf7WUHptsibyYbKhDEK,GOOGLE,5/23/2018,error: undefined method `first' for nil:NilClass,error: undefined method `first' for nil:NilClass
Bogart,Sparshatt,bsparshattku@unc.edu,$2a$04$EzSYBvD8V20YmmpAB5Lbg.zcyiP9H0pm8iLERWwERv98srSL4VV8e,GOOGLE,12/31/2015,error: undefined method `first' for nil:NilClass,error: undefined method `first' for nil:NilClass
Annetta,Wright,awrightkv@mit.edu,$2a$04$wulQnuYGcVpxj3.su2nde.2vv/UciY33iaKHVJMwMzBvnz.AHJlrC,PASSWORD,8/26/2015,error: undefined method `first' for nil:NilClass,error: undefined method `first' for nil:NilClass
Danyette,Gerretsen,dgerretsenkw@elegantthemes.com,$2a$04$GS8sAv5e9MyWUzq3EgvUZukr40ACLG1kblC0VBHEqdxzxSLSBB7Qq,GOOGLE,10/21/2025,error: undefined method `first' for nil:NilClass,error: undefined method `first' for nil:NilClass
Atlante,Christy,achristykx@economist.com,$2a$04$xS3XzeCkv2hTkvqJv4.SzeeIGLh61gHHEtzLy0gDGcr8c.Q7nxLoq,GOOGLE,4/18/2025,error: undefined method `first' for nil:NilClass,error: undefined method `first' for nil:NilClass
Judye,Grayley,jgrayleyky@weather.com,$2a$04$basdizORruvS2uIRdsiYHOteP7J/71Cky.N6aorhfRp0oSYkMz3c.,PASSWORD,8/12/2025,error: undefined method `first' for nil:NilClass,error: undefined method `first' for nil:NilClass
Hamish,Kaes,hkaeskz@skyrock.com,$2a$04$lIDgLf5dlme4dSAFmnoHaeBlsGS.k5Y5Z2KROnsXMjt5i53JiQX3S,GOOGLE,12/26/2019,error: undefined method `first' for nil:NilClass,error: undefined method `first' for nil:NilClass
Iorgos,Duggan,idugganl0@is.gd,$2a$04$b6PeJ.TtYLRgotRHrVi7wO1a6pZ1Hum9bO7ocmZkisvUSrVza6pPi,PASSWORD,4/28/2017,error: undefined method `first' for nil:NilClass,error: undefined method `first' for nil:NilClass
Eustace,Aymeric,eaymericl1@rediff.com,$2a$04$aMBfNqX3ZGjSySidE/w.6e8WlEZPoxNZdrgHngWX8VpUlJ8HX/WLG,PASSWORD,10/9/2022,error: undefined method `first' for nil:NilClass,error: undefined method `first' for nil:NilClass
Emmaline,McKennan,emckennanl2@reference.com,$2a$04$vRwxuxdg/1Vckq7a/cJU5Owxyr.aS.pqNBH6gkgyEtkhTy9lfovyC,GOOGLE,4/1/2019,error: undefined method `first' for nil:NilClass,error: undefined method `first' for nil:NilClass
Randi,Lennard,rlennardl3@privacy.gov.au,$2a$04$8YtiWCgS8D1VNn0C26TaM.ry5RNZmq7i7vSQQ06oZwU1FN2bBPbie,GOOGLE,7/18/2019,error: undefined method `first' for nil:NilClass,error: undefined method `first' for nil:NilClass
Gian,Tomkies,gtomkiesl4@boston.com,$2a$04$gTx8x.wi538/MLE4mCJ/2.N37ySJSsskm0B3ZFw19jTcEUaKwmAT6,PASSWORD,3/25/2020,error: undefined method `first' for nil:NilClass,error: undefined method `first' for nil:NilClass
Wang,Le Lievre,wlelievrel5@amazon.co.uk,$2a$04$eqxKTslxkFu17NKqvtBBe.OJKcwZ4V3BUTpN.DMxnIWOJvwwaUBAe,GOOGLE,6/13/2022,error: undefined method `first' for nil:NilClass,error: undefined method `first' for nil:NilClass
Kalinda,Duncan,kduncanl6@go.com,$2a$04$baiG0YWBUXac3MlBK0IPfO4DZ94SupCyNeJfdvK7ekwC4PSKkD57u,PASSWORD,3/30/2024,error: undefined method `first' for nil:NilClass,error: undefined method `first' for nil:NilClass
Torrance,Relph,trelphl7@typepad.com,$2a$04$iYjNPsVHKsOYfqWqOOTbUuCdLKgiGNDsCqr/91hd35li2HoKSO.US,GOOGLE,6/29/2024,error: undefined method `first' for nil:NilClass,error: undefined method `first' for nil:NilClass
Rodrick,Mayfield,rmayfieldl8@histats.com,$2a$04$TFVzjacqay0N875W8AHomeeZr9Lr8tJQYNy5dakd9CK4R92HCxNaK,GOOGLE,7/19/2018,error: undefined method `first' for nil:NilClass,error: undefined method `first' for nil:NilClass
Keri,Deeves,kdeevesl9@smugmug.com,$2a$04$BlR0kCSmvsjAlTzNnmx/Fe.7TCxso0TDs5yl4v.1w3CRAiWLocrfG,GOOGLE,6/6/2024,error: undefined method `first' for nil:NilClass,error: undefined method `first' for nil:NilClass
Leeanne,Alliband,lallibandla@vinaora.com,$2a$04$50M6jG2LvqpBf60AXT0hle/7m6hgbd76kXoOasWIHFHE8f0Gs.65C,PASSWORD,1/17/2016,error: undefined method `first' for nil:NilClass,error: undefined method `first' for nil:NilClass
Tiff,Howsin,thowsinlb@odnoklassniki.ru,$2a$04$TBtTuBwZi.NraxCKiBu7aOv5nlBt/vIRGvNRThsuh1UjxC7Llr/Pu,GOOGLE,10/27/2016,error: undefined method `first' for nil:NilClass,error: undefined method `first' for nil:NilClass
Georas,Brant,gbrantlc@bbb.org,$2a$04$b.QsCm5usnhDZ7tG5SRTSuAbl2NhEC5dcKVwfmV7lg0rWq/c1gAHq,PASSWORD,10/17/2017,error: undefined method `first' for nil:NilClass,error: undefined method `first' for nil:NilClass
Arda,Fruin,afruinld@digg.com,$2a$04$9lgdbu8pU2qH6CoCj2eX0Oary4FkJJaWu982glgp7RoMMtU2h11Gy,GOOGLE,3/29/2021,error: undefined method `first' for nil:NilClass,error: undefined method `first' for nil:NilClass
Roderic,Upham,ruphamle@photobucket.com,$2a$04$050B/xVSf5M3d21kTnaMgOSESEkQGAVST0zKKCvY2GlusfnF21eqO,GOOGLE,10/26/2023,error: undefined method `first' for nil:NilClass,error: undefined method `first' for nil:NilClass
Arin,Harriday,aharridaylf@1688.com,$2a$04$pia2xi1dEapQ6EON6YW66u7Nz09O8T.LtIOJdeXb7Q7KBODKMdwqq,GOOGLE,2/25/2016,error: undefined method `first' for nil:NilClass,error: undefined method `first' for nil:NilClass
Lyda,Revelle,lrevellelg@mayoclinic.com,$2a$04$g.p.kl8UGSjykmrWP5gazufoMwi1auObEw8VJcz0Y4IlmQCzfh3XK,PASSWORD,9/24/2025,error: undefined method `first' for nil:NilClass,error: undefined method `first' for nil:NilClass
Theo,Beakes,tbeakeslh@globo.com,$2a$04$U7Qbm0OM7G2FiAIKzDJig.QNQDyGU.5B.TbM0LN74WOoxzMDAP47G,GOOGLE,11/19/2021,error: undefined method `first' for nil:NilClass,error: undefined method `first' for nil:NilClass
Jerald,Maylam,jmaylamli@sakura.ne.jp,$2a$04$CrQSM21fjKSxX8XtYmAqeugkIQWQHLX2Cu4z2IQwbmlPQwrMSqMHm,PASSWORD,11/15/2017,error: undefined method `first' for nil:NilClass,error: undefined method `first' for nil:NilClass
Jeffry,Milson,jmilsonlj@blogtalkradio.com,$2a$04$bJ5HqKpdOXoOxGRa/x8o1uhHx.31Th8zoWJgBclOp8lfL8/a.dSbm,GOOGLE,12/9/2024,error: undefined method `first' for nil:NilClass,error: undefined method `first' for nil:NilClass
Daven,Gleeson,dgleesonlk@artisteer.com,$2a$04$4Z./D2hffc.865b42QFiped7MmElXgqao3us9DVO48zdvyr6KnBZK,GOOGLE,10/14/2015,error: undefined method `first' for nil:NilClass,error: undefined method `first' for nil:NilClass
Denny,Haskey,dhaskeyll@washingtonpost.com,$2a$04$O4xA5Yj5iB6I7yUieeqbreMABTLo9JtdZ4GrWwOnjgalp6gC6Dgw2,GOOGLE,7/10/2026,error: undefined method `first' for nil:NilClass,error: undefined method `first' for nil:NilClass
Jandy,Loweth,jlowethlm@cmu.edu,$2a$04$S8ljOwqxAqt18g/9nmjspu9MSdhDjp4It1txSMGPzcbVl2h.5gJqe,GOOGLE,3/15/2021,error: undefined method `first' for nil:NilClass,error: undefined method `first' for nil:NilClass
Devlin,Earpe,dearpeln@amazon.de,$2a$04$N9FkAnRTzhKZCpJG9mKxXO5IdDFN/uK3HtjvYG5.7bORyPJtCAAlm,PASSWORD,2/13/2022,error: undefined method `first' for nil:NilClass,error: undefined method `first' for nil:NilClass
Belicia,Lamminam,blamminamlo@de.vu,$2a$04$cjUAweWVkzCDyvexybrZ5OunqqnlDD0lBPHD/BWl9dUka4kB944.G,GOOGLE,8/19/2025,error: undefined method `first' for nil:NilClass,error: undefined method `first' for nil:NilClass
Spense,Exton,sextonlp@yellowpages.com,$2a$04$R37WAw7iq8uYeUjwBTuo2OPh63P4PlKmysA.7fsTjBBuvu0m7ti2S,GOOGLE,3/12/2015,error: undefined method `first' for nil:NilClass,error: undefined method `first' for nil:NilClass
Erek,Skade,eskadelq@unblog.fr,$2a$04$LmffLXhvSodni5VV//TNo.zRyTKviuxtR23ePqpM.95Wvq7YRtwBG,PASSWORD,5/18/2022,error: undefined method `first' for nil:NilClass,error: undefined method `first' for nil:NilClass
Gabriella,Manclark,gmanclarklr@nasa.gov,$2a$04$fKsZiX23oY0WecVuX2VP0uxPpYYo9Uq3jDIEqghK01ckun/tQ3a2O,PASSWORD,11/14/2023,error: undefined method `first' for nil:NilClass,error: undefined method `first' for nil:NilClass
Mikkel,Krates,mkratesls@a8.net,$2a$04$R3wO/WqBtecMxyhHx3wjjudb/srQfJ8Odef7DOdtCmh1NthXH1ixK,GOOGLE,11/16/2025,error: undefined method `first' for nil:NilClass,error: undefined method `first' for nil:NilClass
Pedro,Iacopetti,piacopettilt@google.pl,$2a$04$eZvvBqoKUXaDcYekeiU0l.d9EmBoWCM5lM8/qpXzCi9tAVP/XTdm2,GOOGLE,8/18/2020,error: undefined method `first' for nil:NilClass,error: undefined method `first' for nil:NilClass
Mina,Cassimer,mcassimerlu@chron.com,$2a$04$c7gv1jCUldY05vjcBQO0PuiWRJJ6708JBLpbjZJmEF14WnfDPO9o6,PASSWORD,9/26/2019,error: undefined method `first' for nil:NilClass,error: undefined method `first' for nil:NilClass
Liza,Livens,llivenslv@si.edu,$2a$04$IjX25WrqeBGDzdXZq.z73uqi9A5t5agbMliFWicj5p09RH71ghumG,PASSWORD,4/30/2024,error: undefined method `first' for nil:NilClass,error: undefined method `first' for nil:NilClass
Wang,Corain,wcorainlw@google.es,$2a$04$fbwLmvTkjSPXYpaIkebSlOYJPEhfYsNr//k.0MZbAUnnqndhto9/C,GOOGLE,10/12/2017,error: undefined method `first' for nil:NilClass,error: undefined method `first' for nil:NilClass
Casi,Poacher,cpoacherlx@noaa.gov,$2a$04$pkAr3x7dgkvMdnhVLj6MHufBi2zoq2CHWsvPllM7.2IUwmm4fB2hS,GOOGLE,12/2/2017,error: undefined method `first' for nil:NilClass,error: undefined method `first' for nil:NilClass
Weston,Runciman,wruncimanly@goo.gl,$2a$04$vF1VJlVhLwdbJ2BRM3Do/Oa9IY8qevLfAi.NuBEsTY6MFRQOzPk32,PASSWORD,9/8/2022,error: undefined method `first' for nil:NilClass,error: undefined method `first' for nil:NilClass
Gabi,Buckney,gbuckneylz@hexun.com,$2a$04$2U0na04kuEQYDrWKmmrRhOkdP1LNv8MHn5gqTrf1/VQ/sHSvY1D0C,GOOGLE,2/26/2018,error: undefined method `first' for nil:NilClass,error: undefined method `first' for nil:NilClass
Edeline,Dreher,edreherm0@state.gov,$2a$04$mOpPxp1San6guJb2AWD2xOTDS264gMIPVJpgMRXannLzxgVGVWrt.,PASSWORD,10/2/2022,error: undefined method `first' for nil:NilClass,error: undefined method `first' for nil:NilClass
Quill,Ceschini,qceschinim1@jiathis.com,$2a$04$2JjwWKIBLOsIYj2xh2qH/.rw8Gnjtz2sOnBOoMXQCZIU76uLgSJXy,GOOGLE,3/2/2022,error: undefined method `first' for nil:NilClass,error: undefined method `first' for nil:NilClass
Sumner,Halbert,shalbertm2@shareasale.com,$2a$04$sHRJwHBTPk2W9eQFErLdVu8fU1huhv/JtUig0TsJfTnctgabUMWt2,GOOGLE,2/23/2016,error: undefined method `first' for nil:NilClass,error: undefined method `first' for nil:NilClass
Isaak,Kettridge,ikettridgem3@cnn.com,$2a$04$KBYCpGldWbEIyneQBbPdz..aB8swLMwJm7PmodE2ucKi/7qsjJURm,PASSWORD,7/16/2025,error: undefined method `first' for nil:NilClass,error: undefined method `first' for nil:NilClass
Addison,O'Fielly,aofiellym4@shareasale.com,$2a$04$zYaFNAjgSIRqAQ0t67MAsuKeu4gfEV7iwF.HwrSkCOrynHDxx4Szm,GOOGLE,6/20/2019,error: undefined method `first' for nil:NilClass,error: undefined method `first' for nil:NilClass
Charil,Kegg,ckeggm5@posterous.com,$2a$04$ubuH8REBwWhxMxH0aAiSFejn113DnGdvQSEIfbH5s6tb9WOGyE9EK,PASSWORD,3/17/2020,error: undefined method `first' for nil:NilClass,error: undefined method `first' for nil:NilClass
Ami,Pedler,apedlerm6@jugem.jp,$2a$04$kJ3H5kBjy3Ctwtfhwnz6buZZoRm.ZRh3JmLtnXqXhoKBASSblcH6G,PASSWORD,1/24/2020,error: undefined method `first' for nil:NilClass,error: undefined method `first' for nil:NilClass
Nerta,Olyonov,nolyonovm7@sogou.com,$2a$04$r4pXaLOyrsfg3rHImcBd5.TFUIv.sMcz/yt8ZYTdLmdFCgC5Usb36,GOOGLE,1/16/2026,error: undefined method `first' for nil:NilClass,error: undefined method `first' for nil:NilClass
Matt,Willder,mwillderm8@newyorker.com,$2a$04$SSuEmdHzz9BpZOJ3qwFSQuq5tMOVf/RkhYfEnOb7ikuhRbKplu/Cy,PASSWORD,3/10/2016,error: undefined method `first' for nil:NilClass,error: undefined method `first' for nil:NilClass
Wendel,Seide,wseidem9@google.nl,$2a$04$jxTa4EPVBVpm9Q0IR0pLfuR5h2MtvDFm5EDjQA296TYdC0NkypijG,GOOGLE,5/10/2018,error: undefined method `first' for nil:NilClass,error: undefined method `first' for nil:NilClass
Stu,Pfaffel,spfaffelma@smugmug.com,$2a$04$X/FxNPFlfhPHhcK5t2jnJejBJ63V9AQpC8fhnd.XxfEC9qPzK5lQ.,PASSWORD,4/1/2020,error: undefined method `first' for nil:NilClass,error: undefined method `first' for nil:NilClass
Ramona,Canty,rcantymb@guardian.co.uk,$2a$04$P5DxRvx4NG2VnCIm5o4Jbe.EerR8xXKI0jybFhGqbm9pStE8BRmnu,GOOGLE,8/27/2021,error: undefined method `first' for nil:NilClass,error: undefined method `first' for nil:NilClass
Yettie,Whyteman,ywhytemanmc@ebay.co.uk,$2a$04$OQD8MmmupFxYUr7iqC.uAOsgGi3E80.kXnOodA9fkXTFlyEdNgqGK,GOOGLE,4/12/2018,error: undefined method `first' for nil:NilClass,error: undefined method `first' for nil:NilClass
Merrily,Diss,mdissmd@nasa.gov,$2a$04$ptnWtTNMVNmVQhTIevMeH.dZAOLMIwP2Y0nUoc63qzzS9tdchHLXq,PASSWORD,11/21/2026,error: undefined method `first' for nil:NilClass,error: undefined method `first' for nil:NilClass
Christalle,Jelley,cjelleyme@dyndns.org,$2a$04$nbD6hGgSdWkWi0o0JLS47ucFy81FsA3E1w7lPfGnsfHGIH0cHi8Uy,PASSWORD,8/19/2018,error: undefined method `first' for nil:NilClass,error: undefined method `first' for nil:NilClass
Ileana,McArtan,imcartanmf@newyorker.com,$2a$04$NRJNIxCMG8EL2LNLBfwLbeDQJk5/7ThtUbj06AXh32E5iPAArbUz2,PASSWORD,7/15/2020,error: undefined method `first' for nil:NilClass,error: undefined method `first' for nil:NilClass
Joscelin,Fyall,jfyallmg@so-net.ne.jp,$2a$04$kMUeP/1bYAMXq1q.gYdY5ursmI/EtAkzCbfjZHZBYFiIAVBKe6jJ2,GOOGLE,2/12/2018,error: undefined method `first' for nil:NilClass,error: undefined method `first' for nil:NilClass
Truda,Ragg,traggmh@disqus.com,$2a$04$SOoN4Hx4K24jONEg8IjwxOmPmSmFKyKDSVBuL0ZXMCjMSY3KaevtW,GOOGLE,11/28/2023,error: undefined method `first' for nil:NilClass,error: undefined method `first' for nil:NilClass
Robert,Govey,rgoveymi@independent.co.uk,$2a$04$BOmPlSD8LLfbCXCVdYy9yOp5Njr2qXo/DYu8UkZYwAk6dD6NlD7tG,PASSWORD,8/14/2025,error: undefined method `first' for nil:NilClass,error: undefined method `first' for nil:NilClass
Hannis,Cammack,hcammackmj@yandex.ru,$2a$04$kPZSgcZ99ZefsQ7lAM/2T.iYdnBBKKjsRx7FLfmfwZFdTlK1UgoCS,GOOGLE,5/21/2024,error: undefined method `first' for nil:NilClass,error: undefined method `first' for nil:NilClass
Malva,Everett,meverettmk@123-reg.co.uk,$2a$04$y4kNNLzv7LoS6dPIFPWhsuBEJuo0IsZEmfLxthfJysLUqI.v2xfL6,PASSWORD,5/11/2022,error: undefined method `first' for nil:NilClass,error: undefined method `first' for nil:NilClass
Delaney,Sampson,dsampsonml@vkontakte.ru,$2a$04$pB0i2z2vampmlGjizTTp1e3TCRqQEtOkpD.1XtucVrj4awja6eWiq,GOOGLE,3/28/2022,error: undefined method `first' for nil:NilClass,error: undefined method `first' for nil:NilClass
Thorpe,Blindt,tblindtmm@va.gov,$2a$04$8stSVd8OVlle0Jvl.D5xt.RNj46ZEEy.ng9ZZt6Xl2zV8UIIJbTIq,PASSWORD,4/14/2017,error: undefined method `first' for nil:NilClass,error: undefined method `first' for nil:NilClass
Minna,Draayer,mdraayermn@lycos.com,$2a$04$1sFFPQNKDBiDKcOPrgmr/.rsLzeMNNn4stOC3y5WnkdVaMCFVYXg2,GOOGLE,11/21/2023,error: undefined method `first' for nil:NilClass,error: undefined method `first' for nil:NilClass
Ammamaria,Bamb,abambmo@vistaprint.com,$2a$04$P.W8NLYP2nnLr72/RK/NL.5TToFpJrtX93K6wwEZ0gMPFHoroS04C,GOOGLE,11/1/2020,error: undefined method `first' for nil:NilClass,error: undefined method `first' for nil:NilClass
Brenn,Althorp,balthorpmp@purevolume.com,$2a$04$/Z0Hw76vTLcHLe/YP4Vjdet7.aFg8fy3NVRRgxgYQKHMht6ueQCWu,GOOGLE,7/21/2015,error: undefined method `first' for nil:NilClass,error: undefined method `first' for nil:NilClass
Stefan,Knapton,sknaptonmq@bloglines.com,$2a$04$d91BzVn7VbAM6AL.xirt9Oit78JOKmsQQjCbwUZ8EGJDEdZFm6p0K,PASSWORD,12/21/2016,error: undefined method `first' for nil:NilClass,error: undefined method `first' for nil:NilClass
Devin,Karpets,dkarpetsmr@indiegogo.com,$2a$04$X.GgHV5Dk8tQllYFeHrnFeww9MMmWSeDrpHWZYis9i7/vV3dEyvYK,PASSWORD,3/31/2023,error: undefined method `first' for nil:NilClass,error: undefined method `first' for nil:NilClass
Brittney,Taaffe,btaaffems@booking.com,$2a$04$LWRKkWS0ZXH28uKcErMefO0j1yr4ycAVzmboOdnBRr9ejgnM/XIBy,GOOGLE,10/29/2023,error: undefined method `first' for nil:NilClass,error: undefined method `first' for nil:NilClass
Randie,Ibel,ribelmt@prweb.com,$2a$04$ChO0z57kndKv/QtxIt.fPuxaLsohW.dCodLTEk2GV0cawuLTKuaVW,PASSWORD,11/6/2017,error: undefined method `first' for nil:NilClass,error: undefined method `first' for nil:NilClass
Nikolaos,McCully,nmccullymu@netvibes.com,$2a$04$QDhjAO43S3LmXVGTivQ2yOrMt5F7117Vp5kDe3TmOi6eVUsRCSF2m,PASSWORD,5/28/2017,error: undefined method `first' for nil:NilClass,error: undefined method `first' for nil:NilClass
Chaim,Birchner,cbirchnermv@aboutads.info,$2a$04$eIbxJhIV7ssH5ZifAPVrs.4yO9f3EhOwyyI1YpJFbYsHwn.4yHHnO,PASSWORD,9/20/2019,error: undefined method `first' for nil:NilClass,error: undefined method `first' for nil:NilClass
Claiborn,Loyndon,cloyndonmw@google.cn,$2a$04$jlCT6lkGQBnEYqpV6CHU0eTWdeG.BpiGHBobTUS8eFvSDReTeYg6W,PASSWORD,8/23/2025,error: undefined method `first' for nil:NilClass,error: undefined method `first' for nil:NilClass
Francisco,Kienle,fkienlemx@wikia.com,$2a$04$N1YV/M/uaLECsgz8XjL0yuV6KqJE2NqqAqIHx2QNKa68.II5eBnqy,PASSWORD,5/17/2021,error: undefined method `first' for nil:NilClass,error: undefined method `first' for nil:NilClass
Jammal,Pawson,jpawsonmy@desdev.cn,$2a$04$IMQ9vaiUMnbPlmeg7j.QjeRZn.8Mr.1KRxEgciFiMgi4XZ7Ya8RMe,PASSWORD,5/14/2015,error: undefined method `first' for nil:NilClass,error: undefined method `first' for nil:NilClass
Ede,Warwicker,ewarwickermz@imgur.com,$2a$04$ypCfrv0m3IIdkhzGN1bh2Oj05u.0xSFMiyouEmhH.Zt1rlAtyTtuO,PASSWORD,11/1/2019,error: undefined method `first' for nil:NilClass,error: undefined method `first' for nil:NilClass
Brunhilde,Brine,bbrinen0@nytimes.com,$2a$04$hJALahQwZ6hpO0Rt.wRfeu3PnR4owbfBMFNeSjg2kvv3QllT/IVU6,PASSWORD,4/6/2022,error: undefined method `first' for nil:NilClass,error: undefined method `first' for nil:NilClass
Lammond,Crissil,lcrissiln1@bloomberg.com,$2a$04$hoRXWk688yz3Xpnr5QqIp.WGrtOlWqoApws4IdjX9cYFbewvrnFPu,PASSWORD,3/27/2020,error: undefined method `first' for nil:NilClass,error: undefined method `first' for nil:NilClass
Chas,Old,coldn2@umn.edu,$2a$04$dy7EFiNPrvNrqXOTkTf7WegVPTfT1jQTzvZk7BaydUBrG7.gUPhjG,GOOGLE,9/3/2022,error: undefined method `first' for nil:NilClass,error: undefined method `first' for nil:NilClass
Jessika,Nannetti,jnannettin3@yahoo.co.jp,$2a$04$TojMW/V/CBU8OjxXV/q.guI4i0Vcz5n2v79z6vECNkZFrUZbdGYR.,GOOGLE,9/23/2021,error: undefined method `first' for nil:NilClass,error: undefined method `first' for nil:NilClass
Kym,Riditch,kriditchn4@newyorker.com,$2a$04$.3g4COKKtlr0qUzlAEWAju6PzsBmqbU4s8TsHkuUmTBXvtweiZJx.,PASSWORD,5/8/2020,error: undefined method `first' for nil:NilClass,error: undefined method `first' for nil:NilClass
Henrieta,Bello,hbellon5@webnode.com,$2a$04$zSnMyB0sRowP09yY3PGtPOZHGAJKaCv5oKnWTtHjBfmK7.qsETxLe,GOOGLE,7/25/2023,error: undefined method `first' for nil:NilClass,error: undefined method `first' for nil:NilClass
Barnabas,Merner,bmernern6@alibaba.com,$2a$04$6KarxFO7AwXhdEOefZv/NOqO9oFlJP/qE.5q8s4rETc1Dp0zfyGaa,GOOGLE,8/19/2024,error: undefined method `first' for nil:NilClass,error: undefined method `first' for nil:NilClass
Clair,Littleproud,clittleproudn7@blogspot.com,$2a$04$sWI6PyLLgaUqgAgQeanNqOjctG6sMNglgvQJiBmqYBkmCrBTBAE.y,GOOGLE,4/3/2017,error: undefined method `first' for nil:NilClass,error: undefined method `first' for nil:NilClass
Yul,Orehead,yoreheadn8@w3.org,$2a$04$02Z8TLLekH7ucyP/nNvUzOHoEL4CCV6mG.AIUwGCUMeC33kD.il8y,GOOGLE,3/22/2018,error: undefined method `first' for nil:NilClass,error: undefined method `first' for nil:NilClass
Mercie,Teresse,mteressen9@wikispaces.com,$2a$04$GxegRQ9OBWeetbL0SFDHx.1ldtj0zWGgqfXexmpNiqv6I6hebzXWC,GOOGLE,12/29/2023,error: undefined method `first' for nil:NilClass,error: undefined method `first' for nil:NilClass
Syd,Fice,sficena@ucoz.ru,$2a$04$B6FKYpv2J1m68NVWYP4BGuoxtrk.orQdFBX8TwTpS1FdBvQa5KWUi,PASSWORD,2/23/2025,error: undefined method `first' for nil:NilClass,error: undefined method `first' for nil:NilClass
Josefa,Kennelly,jkennellynb@prnewswire.com,$2a$04$dfrd7YZncvkenY9oPuOJ2OUTiNhZSfDK5p5fM4W8qUi.MiYzojm6W,GOOGLE,8/14/2023,error: undefined method `first' for nil:NilClass,error: undefined method `first' for nil:NilClass
Kissie,Penn,kpennnc@squidoo.com,$2a$04$fhi2rycGsO0PRULUB5GZ8..g7SeAWzwVo/f3LrHzHHr94I27AIFbC,PASSWORD,12/8/2020,error: undefined method `first' for nil:NilClass,error: undefined method `first' for nil:NilClass
Bertie,O'Reilly,boreillynd@cyberchimps.com,$2a$04$W6XsruTE/ulR43COPyfcvexITHF5vOpq8A7odUv4tUfcwBw/bJ7sq,PASSWORD,1/16/2022,error: undefined method `first' for nil:NilClass,error: undefined method `first' for nil:NilClass
Francis,Frankcombe,ffrankcombene@goo.ne.jp,$2a$04$ASmYQZldZcp3/9DI6M9duuvAtSC8KD7N.hKr7mafZMH9J3oLAZbcS,GOOGLE,12/3/2019,error: undefined method `first' for nil:NilClass,error: undefined method `first' for nil:NilClass
Madeline,Heinrici,mheinricinf@msn.com,$2a$04$tAwM87cWJN3rddZQiKGj2Ot5y4miwJsFM.EPkhGKzxbHLrp3aEzVe,GOOGLE,6/30/2025,error: undefined method `first' for nil:NilClass,error: undefined method `first' for nil:NilClass
Matty,Ballay,mballayng@themeforest.net,$2a$04$XuMRSDZCZ4PyBjitu5cj8ePsEUMzuMMnZRanqfD5fFU1b6F9iowCi,PASSWORD,6/15/2018,error: undefined method `first' for nil:NilClass,error: undefined method `first' for nil:NilClass
Mora,Tinner,mtinnernh@shutterfly.com,$2a$04$iDbqVVwiE2yp7gOIVzVQZeaJ1k25Hu6Mrg71/9pXeKkNYpjdiBrbe,PASSWORD,3/5/2026,error: undefined method `first' for nil:NilClass,error: undefined method `first' for nil:NilClass
Lucas,Giraudot,lgiraudotni@auda.org.au,$2a$04$g7GmYxu1/l/zGN6hCg/cReKOBABKdbcKPsEmlRWeejuSBo9aNyGYO,PASSWORD,10/26/2026,error: undefined method `first' for nil:NilClass,error: undefined method `first' for nil:NilClass
Estrellita,D'Aubney,edaubneynj@freewebs.com,$2a$04$o5TiKsjyFD0/IxAUZcj0pefKh2SzcKgvB3yrOBjyFlD6L4OltiHHa,PASSWORD,1/19/2021,error: undefined method `first' for nil:NilClass,error: undefined method `first' for nil:NilClass
Leroi,McTavish,lmctavishnk@bigcartel.com,$2a$04$ORcc.Z7VRw7lu7rw0lbFuOBOtbgZ0buKNGr7hS9O01rsDrrC2Oq12,PASSWORD,9/14/2025,error: undefined method `first' for nil:NilClass,error: undefined method `first' for nil:NilClass
Thedric,Saltman,tsaltmannl@example.com,$2a$04$Lr.o1DaReGwwNAwlCxUUQOPDUYhHH.yQQcfEVWaxfnDyfs64A52PS,GOOGLE,5/25/2021,error: undefined method `first' for nil:NilClass,error: undefined method `first' for nil:NilClass
Robinet,Leek,rleeknm@typepad.com,$2a$04$hJdjbqLVjdstikLHTM5lQeeaP/WMcrtq0owPdxUe2QaMql6h0ybne,GOOGLE,1/27/2026,error: undefined method `first' for nil:NilClass,error: undefined method `first' for nil:NilClass
Sheela,Musprat,smuspratnn@meetup.com,$2a$04$v3qCMbjnEGKSslfyahfpYeIVIapOWAFP5sesAECZSDMa1LhDjurNG,GOOGLE,11/5/2026,error: undefined method `first' for nil:NilClass,error: undefined method `first' for nil:NilClass
Alanna,Buckenham,abuckenhamno@umn.edu,$2a$04$IdL0fzBd0c.W3sx7bzvMD..SbEjfVBQgDVE8vZDQF73znej54fG3u,GOOGLE,2/3/2023,error: undefined method `first' for nil:NilClass,error: undefined method `first' for nil:NilClass
Inness,Drieu,idrieunp@bigcartel.com,$2a$04$6PGBchIcpV4GmZwW4XgfH.f9Bo/mDqMpny84TtxUNfRb4k3OwPu.a,PASSWORD,10/10/2019,error: undefined method `first' for nil:NilClass,error: undefined method `first' for nil:NilClass
Alfy,De Filippi,adefilippinq@webs.com,$2a$04$3m1jkwqGmo10mH7Wxnh4NOKNFqUOwW.AW334I5Y5T7GEp1xPZ0E4S,GOOGLE,4/30/2025,error: undefined method `first' for nil:NilClass,error: undefined method `first' for nil:NilClass
Tome,Drever,tdrevernr@marketwatch.com,$2a$04$QXDhMqtKrJwJognWX42sAuyvQ.cn./QA88CpbvNVnhpeGIKI3SJnu,PASSWORD,1/19/2019,error: undefined method `first' for nil:NilClass,error: undefined method `first' for nil:NilClass
Welsh,Waghorne,wwaghornens@woothemes.com,$2a$04$sURVIfUBX2H0.Y8T2uz/JO0aNPVD3hAkIWNO8hAGJWCsTUQbxhxh2,GOOGLE,1/21/2021,error: undefined method `first' for nil:NilClass,error: undefined method `first' for nil:NilClass
Stearne,Tock,stocknt@independent.co.uk,$2a$04$PBACtUtz6ndBJ6EUBFzAQ.xO.9OQR1UbEvSHwhChapj5u5TTsNh02,PASSWORD,5/7/2019,error: undefined method `first' for nil:NilClass,error: undefined method `first' for nil:NilClass
Major,Goulbourn,mgoulbournnu@usa.gov,$2a$04$LQjGSQC8CIi5WbNNCUcuvuKd2alw2uLr8zVWYZiN2E99dF3q2E4j6,GOOGLE,3/2/2017,error: undefined method `first' for nil:NilClass,error: undefined method `first' for nil:NilClass
Katha,Kulver,kkulvernv@uiuc.edu,$2a$04$zcw5QmTrdu0wo91Iygy8C.iq8BJSlUxI.dJcOuYMeq5JIKvTztrdG,PASSWORD,8/14/2019,error: undefined method `first' for nil:NilClass,error: undefined method `first' for nil:NilClass
Rouvin,Lydden,rlyddennw@mysql.com,$2a$04$1OQ3hcCwchXOUcWhpmQ0WO1Bnhcg/fB4bthgpLtExLp3ARfWkdXzu,PASSWORD,7/22/2024,error: undefined method `first' for nil:NilClass,error: undefined method `first' for nil:NilClass
Christi,Burston,cburstonnx@indiatimes.com,$2a$04$wN59G/U9BcDs73OaIJQNKOqUu10yBuaWecYvwGUXWxQvz5OYt4xMu,PASSWORD,8/27/2018,error: undefined method `first' for nil:NilClass,error: undefined method `first' for nil:NilClass
Fianna,Woodeson,fwoodesonny@soup.io,$2a$04$HBPFJMVZ8i3T0.0l1r8LZuA5QOSlKhTZs0ZpV1xqWDRT0Ld/jNjHW,PASSWORD,5/9/2025,error: undefined method `first' for nil:NilClass,error: undefined method `first' for nil:NilClass
Shalna,Standish,sstandishnz@intel.com,$2a$04$dPoWe4vkM..0bUT9gZHXe.Pf5h2vNXQTADczNH8gNQBWheoU7.Oq6,GOOGLE,7/27/2026,error: undefined method `first' for nil:NilClass,error: undefined method `first' for nil:NilClass
Fawne,Foux,ffouxo0@merriam-webster.com,$2a$04$eo2DTrZgy.FvdmP2IDOEm.V2xLRgRdDt7E8Y.rGXeq/H/prI/idpe,PASSWORD,7/13/2015,error: undefined method `first' for nil:NilClass,error: undefined method `first' for nil:NilClass
Xylia,Suart,xsuarto1@surveymonkey.com,$2a$04$Bd/ZeLmcga.YoxXTLGH2s.N4oJROPmzImLBqw5p.paDX7gLL4FCiy,PASSWORD,3/12/2020,error: undefined method `first' for nil:NilClass,error: undefined method `first' for nil:NilClass
Hanan,Couzens,hcouzenso2@t-online.de,$2a$04$vYyIqhKsR9VvgJEPmeYMr.gLHNrSc.8HebS4TStp5vVEx/w98wvVG,PASSWORD,12/23/2015,error: undefined method `first' for nil:NilClass,error: undefined method `first' for nil:NilClass
Amanda,Yerborn,ayerborno3@reference.com,$2a$04$T1XjwEdxUzBYuqj5M9Lv6.KbgLc9ONm1tzVbKzPt4QtA79mcaI55q,GOOGLE,8/16/2016,error: undefined method `first' for nil:NilClass,error: undefined method `first' for nil:NilClass
Eolande,Ciciotti,eciciottio4@mit.edu,$2a$04$f.jslFcn..pTft92w74DFeMLVQgw.GuCskLNaHG3.jVfjuTYMsaOq,GOOGLE,10/29/2019,error: undefined method `first' for nil:NilClass,error: undefined method `first' for nil:NilClass
Stephannie,Durrance,sdurranceo5@webs.com,$2a$04$IK4PTxVHwaXeIFxoUrzNpeOGEqCQBqL4BEc8XpMDf.9Mxgm21ei8a,GOOGLE,11/18/2018,error: undefined method `first' for nil:NilClass,error: undefined method `first' for nil:NilClass
Brynna,Reece,breeceo6@trellian.com,$2a$04$0q.gGfaYh2QZVO6W9/6sgOJpf6qo4GJ3sQsCGFHq09JKXb4vIBkpm,PASSWORD,6/19/2015,error: undefined method `first' for nil:NilClass,error: undefined method `first' for nil:NilClass
Rosaline,Peschka,rpeschkao7@java.com,$2a$04$kzEOVxaye9tSYn6ODizdOOdp1qiRPUmMex1m2l0ozfx0fC/YTEOHu,PASSWORD,4/4/2015,error: undefined method `first' for nil:NilClass,error: undefined method `first' for nil:NilClass
Kiley,Duplan,kduplano8@unblog.fr,$2a$04$mHuFSTCC2r./j022APkBeOaUw/QL9AiaDYkbjG81cXCjdqDch08rK,PASSWORD,7/24/2018,error: undefined method `first' for nil:NilClass,error: undefined method `first' for nil:NilClass
Clint,Goschalk,cgoschalko9@samsung.com,$2a$04$VPsMe6r2siou8yvg.yLRceJTxNi1I3/oVHYmqiqu3pobSXohEk8yC,GOOGLE,2/15/2023,error: undefined method `first' for nil:NilClass,error: undefined method `first' for nil:NilClass
Stillmann,Stuck,sstuckoa@omniture.com,$2a$04$6IpxY/EqoCvxvo9HVHuMSu3N6a9NMLFaCpqJ6nME4lCWRG9TQpHS.,GOOGLE,1/24/2021,error: undefined method `first' for nil:NilClass,error: undefined method `first' for nil:NilClass
Gabbi,Woolard,gwoolardob@last.fm,$2a$04$dNqK6fPDSZcZfX8oHSUf2.pTjaLnKXQPTCZ1MZHznMdZg3tR2F.MG,GOOGLE,7/21/2026,error: undefined method `first' for nil:NilClass,error: undefined method `first' for nil:NilClass
Ibbie,Luppitt,iluppittoc@nba.com,$2a$04$6jQTMLkPQ6SD07n9Ku4sqOUn9x86XskrYcQGVtKIJvHAJKCIq3bFW,PASSWORD,3/30/2024,error: undefined method `first' for nil:NilClass,error: undefined method `first' for nil:NilClass
Paola,Birkenhead,pbirkenheadod@marriott.com,$2a$04$J0HyztqdnXty3c6eSQkvTu9dy1Nyvh1eGCwfnB9ZhfiZa5ll.NKcu,GOOGLE,6/23/2017,error: undefined method `first' for nil:NilClass,error: undefined method `first' for nil:NilClass
Andrey,Loveman,alovemanoe@forbes.com,$2a$04$3xR94G90bUjKN442d3RjreW9oh6hRcH9RrVRdrNuzVaXx7iriIAui,PASSWORD,1/17/2016,error: undefined method `first' for nil:NilClass,error: undefined method `first' for nil:NilClass
Terrance,Brachell,tbrachellof@oracle.com,$2a$04$ly4qRxhnF8zc2k1AX/b5v.WyEwTN3mo5OHV3SiO1teJMevj37vvp2,PASSWORD,4/4/2017,error: undefined method `first' for nil:NilClass,error: undefined method `first' for nil:NilClass
Cherin,Attrie,cattrieog@hao123.com,$2a$04$qJSyP89..7DzQSgV2juL/uKv9.dulyc.0IIQ8z545TsBod53csdIW,PASSWORD,5/8/2023,error: undefined method `first' for nil:NilClass,error: undefined method `first' for nil:NilClass
Broderic,Littrell,blittrelloh@fotki.com,$2a$04$MkUUldJUY1TAgh230Pe97eHunuq9zqQ3HBFyDhYnJbyl0fqnbXzWO,GOOGLE,3/24/2016,error: undefined method `first' for nil:NilClass,error: undefined method `first' for nil:NilClass
Gaye,MacAndie,gmacandieoi@reference.com,$2a$04$Q5gNLCiKCt08TXF3p.tF..SR3uGYikL/kbyS2h32DMhaWB7XWvip.,PASSWORD,10/15/2022,error: undefined method `first' for nil:NilClass,error: undefined method `first' for nil:NilClass
Nertie,Joint,njointoj@clickbank.net,$2a$04$BNwVJdr5C.BOUe.Hzy2O/u/1TYd4SlKWEUpxPM3xZOPSGmNb95YZm,PASSWORD,4/28/2024,error: undefined method `first' for nil:NilClass,error: undefined method `first' for nil:NilClass
Zita,Mundwell,zmundwellok@eventbrite.com,$2a$04$aoqhMo92VhT92DyKMJ87OeHUv7qCxtaTtlr4T2hnEaLYYL2kb07Qi,PASSWORD,12/1/2026,error: undefined method `first' for nil:NilClass,error: undefined method `first' for nil:NilClass
Ruth,O'Dennehy,rodennehyol@de.vu,$2a$04$0DdXsiOkKx2K0sSXxiiz7.Z7yvzGUq7AqZPIniIKNz26mnykHoioy,PASSWORD,4/25/2021,error: undefined method `first' for nil:NilClass,error: undefined method `first' for nil:NilClass
Kinsley,Bosman,kbosmanom@google.ca,$2a$04$zbr93LMTAVBlsd8L.URjieq.LtcCl1fy.LhRhoCy27ikePj8ldxJ6,PASSWORD,1/28/2024,error: undefined method `first' for nil:NilClass,error: undefined method `first' for nil:NilClass
Giuseppe,Stoller,gstolleron@themeforest.net,$2a$04$75LgHqiLM/fZArG9EPM9reCOh5gJP/ZXzE91f9clOkI8FS8BcXh9q,PASSWORD,6/11/2016,error: undefined method `first' for nil:NilClass,error: undefined method `first' for nil:NilClass
Corny,Genge,cgengeoo@epa.gov,$2a$04$fDI2n0oROHj9XbpSOZ2yMu3DwO81g2ms7JthdA4Rs4p236HyZbBIW,PASSWORD,4/2/2025,error: undefined method `first' for nil:NilClass,error: undefined method `first' for nil:NilClass
Chrissy,Cusworth,ccusworthop@google.es,$2a$04$Ok8ZjVW6SLC2ymSYgI3.pOO7RwI3rWcvk4pUr3o/NP8GRM3j8CLAy,PASSWORD,7/26/2015,error: undefined method `first' for nil:NilClass,error: undefined method `first' for nil:NilClass
Lorelle,Lillie,llillieoq@craigslist.org,$2a$04$z4R7xe/tULbeeNKaUbN5beiUOs44tUL40/HB7kFQi3hyLAuLQWQqO,GOOGLE,2/28/2021,error: undefined method `first' for nil:NilClass,error: undefined method `first' for nil:NilClass
Iggy,Guslon,iguslonor@i2i.jp,$2a$04$56LyReY0DrZkUnZxE48EyOGWxyOmDXI9ldfjjjZNV5JOt4NO0mpnS,PASSWORD,4/2/2015,error: undefined method `first' for nil:NilClass,error: undefined method `first' for nil:NilClass
Zebulon,Weighell,zweighellos@ted.com,$2a$04$etHfwuDX7179Ao6cTjLhmeZhqAcYrOzJDzqckS3m3GQ83XaD7vlf6,PASSWORD,11/1/2022,error: undefined method `first' for nil:NilClass,error: undefined method `first' for nil:NilClass
Pammy,Maunders,pmaundersot@nymag.com,$2a$04$S/Fkbr9MglERsp.4ZyJFmuqf7qvZR8blFcr9Zvvx/0KetIN6HbLDS,GOOGLE,11/13/2021,error: undefined method `first' for nil:NilClass,error: undefined method `first' for nil:NilClass
Farah,Huggons,fhuggonsou@scientificamerican.com,$2a$04$hNcZrVQixlEzOswiINvRDOa8TaDu/hRRqRh0.tAIlCSvX4Y4F3yhG,PASSWORD,7/27/2023,error: undefined method `first' for nil:NilClass,error: undefined method `first' for nil:NilClass
Fanny,Covert,fcovertov@sogou.com,$2a$04$AiYOg7xT8EWNvxpU4sHeF.bXIjXqOLbBOh6zAVADku4v.1Q5/qAX2,PASSWORD,7/3/2018,error: undefined method `first' for nil:NilClass,error: undefined method `first' for nil:NilClass
Garrard,Skamal,gskamalow@twitter.com,$2a$04$9BPWuvbbSzjey8L3KvO12eGyTSwLYGJxpocggven.45VojDCddAbS,GOOGLE,11/15/2018,error: undefined method `first' for nil:NilClass,error: undefined method `first' for nil:NilClass
Cori,Ragdale,cragdaleox@theglobeandmail.com,$2a$04$eapoWkBqGRDVgenJoBkexufWmAavvN0rjzZJ2Or/nqlg3FAqV0yt2,GOOGLE,6/26/2016,error: undefined method `first' for nil:NilClass,error: undefined method `first' for nil:NilClass
Maryann,Joincey,mjoinceyoy@thetimes.co.uk,$2a$04$s53XwNotOPNmyjGpCOsfA.yGtgTe.O0JF6JbJa6GoONvDAcHt0Ezu,PASSWORD,11/5/2022,error: undefined method `first' for nil:NilClass,error: undefined method `first' for nil:NilClass
Myrtie,Hankey,mhankeyoz@tinypic.com,$2a$04$dfSy7CRxNVD1CVYe/dw4.esWxUWCVdF428o1YHyVDnMcRVb1d0cX6,GOOGLE,12/6/2019,error: undefined method `first' for nil:NilClass,error: undefined method `first' for nil:NilClass
Julissa,Boyda,jboydap0@multiply.com,$2a$04$bC/GG2gEI7P8vuBSAeVvQe2VmY2pSbYLAbw/FdQYlH3E2y3BZ8nma,PASSWORD,12/5/2016,error: undefined method `first' for nil:NilClass,error: undefined method `first' for nil:NilClass
Reta,Hanwright,rhanwrightp1@usa.gov,$2a$04$i2RHhE7Z6oOxmnib626vsu2rspFovRVqyhhPuP6FuEaKbfgG56Yz6,PASSWORD,7/20/2017,error: undefined method `first' for nil:NilClass,error: undefined method `first' for nil:NilClass
Sacha,Oddey,soddeyp2@gov.uk,$2a$04$lzZUsJjF32fVoFY67FrBZ.4vtiCXnkC32cAb64YxT11PWKwa/BAMe,GOOGLE,7/21/2018,error: undefined method `first' for nil:NilClass,error: undefined method `first' for nil:NilClass
Der,Anning,danningp3@walmart.com,$2a$04$kjt/V1ZTvo4XMc8/TjghVeLCpozipInLEa3XV.2UdbBgTHQbLhwV2,PASSWORD,4/2/2022,error: undefined method `first' for nil:NilClass,error: undefined method `first' for nil:NilClass
Audrey,Ayars,aayarsp4@fc2.com,$2a$04$9oGiQAoO0yp2BDB5SCnx3ehY/GbMHV8NtIaulE2YGLO008C8W0hAS,GOOGLE,7/4/2018,error: undefined method `first' for nil:NilClass,error: undefined method `first' for nil:NilClass
Lauri,Clinnick,lclinnickp5@oakley.com,$2a$04$o84EJFiXGrkmNLS2N6.rC.7aYGG..GeQoSFLzEcgNtwp3MMnDc0uq,PASSWORD,5/20/2021,error: undefined method `first' for nil:NilClass,error: undefined method `first' for nil:NilClass
Denny,Pavelka,dpavelkap6@mlb.com,$2a$04$jF9qlqec9/P5miJ0jiqWYOiw5bQ5fessaSoK84TnlMXI3Nq4BggI2,PASSWORD,6/1/2015,error: undefined method `first' for nil:NilClass,error: undefined method `first' for nil:NilClass
Marthena,McClarence,mmcclarencep7@fda.gov,$2a$04$vmxilRYvGamG9.f7yC/Q0Omd3wxM3owbKlqoVr/5yD.EX/aKy2BGC,GOOGLE,10/2/2015,error: undefined method `first' for nil:NilClass,error: undefined method `first' for nil:NilClass
Brok,Killick,bkillickp8@shop-pro.jp,$2a$04$Qqol9Tb5DKS6.HTGqWJxNOXyOV0EpcvsZ4WRLlF6rNyfYQXlzGb26,PASSWORD,11/14/2016,error: undefined method `first' for nil:NilClass,error: undefined method `first' for nil:NilClass
Winslow,Ackerley,wackerleyp9@xinhuanet.com,$2a$04$4WAtqVW8X4f.rchanFVT3ORFddcdzd.W5v446DgC2ASmN3IlSv09.,PASSWORD,11/30/2024,error: undefined method `first' for nil:NilClass,error: undefined method `first' for nil:NilClass
Pen,Roper,properpa@xing.com,$2a$04$NKIup3AqeO3zF0BSVlBt7O1lFExTsbEv6uoZrsbNEyG/2xvCk7gIq,PASSWORD,7/16/2015,error: undefined method `first' for nil:NilClass,error: undefined method `first' for nil:NilClass
Juieta,Gerrish,jgerrishpb@e-recht24.de,$2a$04$i8UKRV19hPTVSrrffl122urMnplXbyZbkedMGquoHZ7U0TSwm0I6.,PASSWORD,11/21/2023,error: undefined method `first' for nil:NilClass,error: undefined method `first' for nil:NilClass
Natka,Race,nracepc@rediff.com,$2a$04$gVBGq02Ua1Svd4ea172gBOV.EuuVBuhvqIJ3KYkiOE8hD/mthLfKa,PASSWORD,5/19/2015,error: undefined method `first' for nil:NilClass,error: undefined method `first' for nil:NilClass
Jerald,Osmund,josmundpd@thetimes.co.uk,$2a$04$7eCpNyPDoqm4Axm8rzNlZueYbmdxcr/Upw7LIk/DrcOL9k6DkH7VC,PASSWORD,9/7/2021,error: undefined method `first' for nil:NilClass,error: undefined method `first' for nil:NilClass
Boony,Scolding,bscoldingpe@weebly.com,$2a$04$PTtyc5kVbwCIJUaBgVErO.oF9sIvo3vwP/dXnLCgIhH3k091xc/rm,PASSWORD,2/18/2018,error: undefined method `first' for nil:NilClass,error: undefined method `first' for nil:NilClass
Borden,McMaster,bmcmasterpf@dedecms.com,$2a$04$QgnLUjWgzA8IS5KMjh8YIu2Wijh87UM31baXuM/vtxHIESSZA1v7S,GOOGLE,4/10/2022,error: undefined method `first' for nil:NilClass,error: undefined method `first' for nil:NilClass
Joey,Gallienne,jgalliennepg@seattletimes.com,$2a$04$C1f2FHMA/7M34Lx9CGZ4ju7QlVgzw4AQ1wjMVZXIjQdI5TZz0zU4C,GOOGLE,4/20/2025,error: undefined method `first' for nil:NilClass,error: undefined method `first' for nil:NilClass
Ignacio,Clews,iclewsph@google.co.uk,$2a$04$1pkVolRoYu99RLy4OTTYxOsMGXWKQaH.h3wCjhrXDsYlIjuUKAfmm,GOOGLE,10/31/2016,error: undefined method `first' for nil:NilClass,error: undefined method `first' for nil:NilClass
Garland,Oldmeadow,goldmeadowpi@t-online.de,$2a$04$2kSD4lKrmeCDwycxUn3jM.satcyFH8ksNSmcjxILq4qCaCGjUqhl6,GOOGLE,6/8/2026,error: undefined method `first' for nil:NilClass,error: undefined method `first' for nil:NilClass
Hewitt,Dutnell,hdutnellpj@wunderground.com,$2a$04$VCt3sgT5eU89BcPriWu6qOsh30.ui/ESULkkNUD6Uvo57XoXCAqvW,GOOGLE,1/24/2015,error: undefined method `first' for nil:NilClass,error: undefined method `first' for nil:NilClass
Pen,Claxson,pclaxsonpk@utexas.edu,$2a$04$.zjFq2Poz.vxXOqcXRv.Gemqm0NbJ1tZaZ1453QBK36mtfCXkQJsG,PASSWORD,11/5/2019,error: undefined method `first' for nil:NilClass,error: undefined method `first' for nil:NilClass
Richmond,Bolderoe,rbolderoepl@umn.edu,$2a$04$TrBnfHe/P/jApzEk38GvdeYAF0IyhvwlE.SaZ8usCdHcowLv4R9p.,GOOGLE,10/23/2020,error: undefined method `first' for nil:NilClass,error: undefined method `first' for nil:NilClass
Mickie,Oldred,moldredpm@gravatar.com,$2a$04$3LMI9L1c9tKUrIHuCYD0MOhmvJrkYHlM4Wcy2x.21riebUpjePbry,PASSWORD,4/14/2019,error: undefined method `first' for nil:NilClass,error: undefined method `first' for nil:NilClass
Hollis,Grahamslaw,hgrahamslawpn@ibm.com,$2a$04$99Sq78A/mRl0RbfNWGAkeuRAXVrLI.xBNK2oupi4Sx3m4bVt61sh.,GOOGLE,10/25/2017,error: undefined method `first' for nil:NilClass,error: undefined method `first' for nil:NilClass
Guillaume,Brittian,gbrittianpo@google.de,$2a$04$fQDne5S6QaGEC8U9WoiutOJOBPKykcgS5i8o2enk8xRjG5JRgt.sm,PASSWORD,7/2/2023,error: undefined method `first' for nil:NilClass,error: undefined method `first' for nil:NilClass
Adelle,Peskin,apeskinpp@dailymotion.com,$2a$04$ymyQXfdbLzD5vPDZujUeue7JQ8tuZFARAc0gdw3zZ.GJDsRyv4Ite,PASSWORD,7/31/2018,error: undefined method `first' for nil:NilClass,error: undefined method `first' for nil:NilClass
Karena,Babbidge,kbabbidgepq@instagram.com,$2a$04$snOTXXkOwKy1yWfeTDriOejF0801MXcERdtxrv9fwHa5..x146Oqa,PASSWORD,4/2/2026,error: undefined method `first' for nil:NilClass,error: undefined method `first' for nil:NilClass
Sidonnie,Comi,scomipr@toplist.cz,$2a$04$g6C7icdEGBQ5stKH88HSXe/KvYBaO7YOlER3IoJehVQTu09baD3nq,GOOGLE,1/3/2019,error: undefined method `first' for nil:NilClass,error: undefined method `first' for nil:NilClass
Sylvia,Tolcher,stolcherps@amazon.de,$2a$04$rrCa/gXOLrUtvBD1RnsxC.ted5.r38PXuU0/NWl.qBBKfF5Pqrk7O,PASSWORD,12/5/2021,error: undefined method `first' for nil:NilClass,error: undefined method `first' for nil:NilClass
Tallie,Clemerson,tclemersonpt@friendfeed.com,$2a$04$d01Q/r6NuHVyuKTaQAIbU.9WdDluDLFkkokgknq3dKQdoJqzG3TEO,GOOGLE,12/27/2015,error: undefined method `first' for nil:NilClass,error: undefined method `first' for nil:NilClass
Bernita,Clibbery,bclibberypu@ehow.com,$2a$04$uraMLQau0l7DMRSrAEAUzO034mtctd.4hKG0w0WSgQ4nX5Pm8vVcS,GOOGLE,8/10/2015,error: undefined method `first' for nil:NilClass,error: undefined method `first' for nil:NilClass
Paddie,Waplinton,pwaplintonpv@wikispaces.com,$2a$04$j8qnFi7EnRIl0tmYRYZ4hu72OhYXZrNdUifAKe4RgEghdS1pzn0xO,GOOGLE,7/17/2024,error: undefined method `first' for nil:NilClass,error: undefined method `first' for nil:NilClass
Jerrie,Grannell,jgrannellpw@geocities.jp,$2a$04$hNeYQBf6tprAxG35BBOFW.Rc/IeS1rWMK6NzxjhbHqdbpGxVXc0Ae,PASSWORD,9/25/2022,error: undefined method `first' for nil:NilClass,error: undefined method `first' for nil:NilClass
Calli,Ruste,crustepx@upenn.edu,$2a$04$DTwd7XA2jNGP2rVi1EYfge.YJ1HYD4LjhF8IwaQMI8QNYtKBxNp9i,GOOGLE,5/22/2022,error: undefined method `first' for nil:NilClass,error: undefined method `first' for nil:NilClass
Pennie,Blaxton,pblaxtonpy@eepurl.com,$2a$04$wfKB161hy1oyfgVX6WsnLeqIfWkA4uKO9utc/fZWd4nd6PERdNoVy,GOOGLE,6/6/2021,error: undefined method `first' for nil:NilClass,error: undefined method `first' for nil:NilClass
Gibbie,Keam,gkeampz@wikipedia.org,$2a$04$V45vo4Sw8s4qcRrzM/IuyOA4OaHNQf1zUQ0paAdwhJJ.T9D4h/jEm,PASSWORD,12/23/2024,error: undefined method `first' for nil:NilClass,error: undefined method `first' for nil:NilClass
Rudd,Redgewell,rredgewellq0@sina.com.cn,$2a$04$9lNJQvR3wHuNR49m67ZekeHPptIyOx1vovAl/1bNtzHSUTe7W25N.,PASSWORD,1/20/2022,error: undefined method `first' for nil:NilClass,error: undefined method `first' for nil:NilClass
Tessi,Barde,tbardeq1@simplemachines.org,$2a$04$aV2.vM.sQHA4o17ba9.8s.Xsata42oHk1v3pcbLCOKdwdv6ff3gL2,GOOGLE,3/12/2017,error: undefined method `first' for nil:NilClass,error: undefined method `first' for nil:NilClass
Hamnet,McInility,hmcinilityq2@infoseek.co.jp,$2a$04$gClOpYHji1k8rPWloJbQf.3DtV4wl4JoOei1A2j.os8zeAD0EEYvG,GOOGLE,12/27/2025,error: undefined method `first' for nil:NilClass,error: undefined method `first' for nil:NilClass
Cassaundra,Oxtarby,coxtarbyq3@desdev.cn,$2a$04$LF/GZqSbf76IRE.G64XrAO4c9JZcQJvhysnPQIX1gQGKTDOqcdA6m,PASSWORD,2/14/2021,error: undefined method `first' for nil:NilClass,error: undefined method `first' for nil:NilClass
Alwin,Bernetti,abernettiq4@nymag.com,$2a$04$u9q730gRlakLp3D/Xy5m6uwsBkaB1okfu79rBR9ZpHHdCBRkZCfrq,GOOGLE,9/21/2023,error: undefined method `first' for nil:NilClass,error: undefined method `first' for nil:NilClass
Heidie,Gaul,hgaulq5@economist.com,$2a$04$H.wsv.dZpnCMEeUWjCZgQeAu8wp.0xHQy8bUWemzr66F2SPbnttoC,GOOGLE,5/23/2015,error: undefined method `first' for nil:NilClass,error: undefined method `first' for nil:NilClass
Wade,Lejeune,wlejeuneq6@example.com,$2a$04$bYKgQB14nAT9mktGfx0lYezo69dszfwNIXP8D8dgdhiX1yZdBAgVW,GOOGLE,8/1/2026,error: undefined method `first' for nil:NilClass,error: undefined method `first' for nil:NilClass
Dominic,Dibson,ddibsonq7@netlog.com,$2a$04$ckdu99V8ZlnMxySfoKU/AOUfH2xTAQmpYADyJIMQ5rt/P5e4OYiD6,GOOGLE,6/13/2023,error: undefined method `first' for nil:NilClass,error: undefined method `first' for nil:NilClass
Urbano,Cronshaw,ucronshawq8@ucoz.ru,$2a$04$xkjkCKuA1YPXZl3KW6hauOgWHo/kwBGIa7AFUpIiKT78HdUZCzPZe,PASSWORD,1/16/2017,error: undefined method `first' for nil:NilClass,error: undefined method `first' for nil:NilClass
Dimitri,Kendle,dkendleq9@simplemachines.org,$2a$04$nQIM50/rw3tKGJREfY27yuV2KDV9eE/2sQCHmZ690mSsYWbk.UzdS,GOOGLE,9/5/2026,error: undefined method `first' for nil:NilClass,error: undefined method `first' for nil:NilClass
Timi,Elvins,telvinsqa@hc360.com,$2a$04$lzzKVTRhUW0xZo4gXClr/OQZWipbPPtH1biWIPUEI6o/ShtRzyjWK,GOOGLE,9/28/2020,error: undefined method `first' for nil:NilClass,error: undefined method `first' for nil:NilClass
Lynn,Olland,lollandqb@cisco.com,$2a$04$r/RnkNJ7RLF/xTrYLw7vK.z9B893syRcl3BNOSo5FubZ0anbscSlG,GOOGLE,4/7/2015,error: undefined method `first' for nil:NilClass,error: undefined method `first' for nil:NilClass
Mirelle,Cawthorn,mcawthornqc@vimeo.com,$2a$04$KridBFiHdfk5bJlxDLb7teyCAZ6bUj4YVCLhFA.RJKsvE3TJYCS1i,GOOGLE,2/22/2019,error: undefined method `first' for nil:NilClass,error: undefined method `first' for nil:NilClass
Ester,Sweeny,esweenyqd@netvibes.com,$2a$04$Aw3O5KqtL5w0PXnyQRBiDedbxU5.gID7RGoQNDcP5wy8JCPvTZXmS,GOOGLE,2/14/2017,error: undefined method `first' for nil:NilClass,error: undefined method `first' for nil:NilClass
Britte,Dufour,bdufourqe@acquirethisname.com,$2a$04$YNC02uKU3cSBDN1U.CLGROp0Z/xP8krOGjOAGSjROt80BUDavPH5u,GOOGLE,9/12/2015,error: undefined method `first' for nil:NilClass,error: undefined method `first' for nil:NilClass
Katinka,Yuryaev,kyuryaevqf@yolasite.com,$2a$04$Dwc.Wy/9fgGzSSbogwNBPujdGfpRzrBck12QpjXkQ455RWVVHVss6,GOOGLE,7/19/2015,error: undefined method `first' for nil:NilClass,error: undefined method `first' for nil:NilClass
Bernardo,Frankcomb,bfrankcombqg@nasa.gov,$2a$04$8XMjhscHBgaqHILnSKXA/eKtHCv9o3DVenE7Nz3QQO0q.9DwJfmTe,PASSWORD,2/14/2023,error: undefined method `first' for nil:NilClass,error: undefined method `first' for nil:NilClass
Felipa,Jager,fjagerqh@barnesandnoble.com,$2a$04$cxXLIE7IRvC4.GXDvITNCuOK2X01gPKmI8XNRrUhNPHemebs25sIm,PASSWORD,2/19/2018,error: undefined method `first' for nil:NilClass,error: undefined method `first' for nil:NilClass
Archie,Andrzejewski,aandrzejewskiqi@examiner.com,$2a$04$aF4bNRluuBi5qif4yvo0heDtgNx/lLt0kr6gqf2qJ4xoib54FkINW,PASSWORD,4/25/2020,error: undefined method `first' for nil:NilClass,error: undefined method `first' for nil:NilClass
Ceciley,Lowensohn,clowensohnqj@shinystat.com,$2a$04$CavpFmSziuVd2boszpbYM.IUuZYMfj91t93NZizw/hfY.erW8YiK6,GOOGLE,5/6/2022,error: undefined method `first' for nil:NilClass,error: undefined method `first' for nil:NilClass
Danya,Rounds,droundsqk@reddit.com,$2a$04$.dPpGX8UoaPpxxPaIRkTK.GlaPnY9RJxz2XR51QGxyBKoybs2us6C,PASSWORD,12/21/2018,error: undefined method `first' for nil:NilClass,error: undefined method `first' for nil:NilClass
Egor,Burgane,eburganeql@google.it,$2a$04$mGhNYcaMnRIWjp6UDklHq.rGgzLednSinoqsYTgVJ7T.vhBsZFWiq,GOOGLE,1/14/2022,error: undefined method `first' for nil:NilClass,error: undefined method `first' for nil:NilClass
Thorn,Livezley,tlivezleyqm@ca.gov,$2a$04$xN36KR0Din010zSzYkUZaO6nWs8nR8I9LLiUKbsOjgcQ4fvEBa.Ta,GOOGLE,10/30/2021,error: undefined method `first' for nil:NilClass,error: undefined method `first' for nil:NilClass
Beatrisa,Whistance,bwhistanceqn@wordpress.com,$2a$04$gaA0iZ.HCzPMk72ZwTy4fe5epf8Q/0mmR8rHFoIHw9duj0/7vMnUe,PASSWORD,5/17/2016,error: undefined method `first' for nil:NilClass,error: undefined method `first' for nil:NilClass
Odey,Royle,oroyleqo@ocn.ne.jp,$2a$04$2HBKPQCI1bfYBCVcr31h0eCT1VdUfS3VRikDDuc/oO/E0ua31g2xK,PASSWORD,3/18/2019,error: undefined method `first' for nil:NilClass,error: undefined method `first' for nil:NilClass
Anjela,Benard,abenardqp@time.com,$2a$04$HB70wWB5Egqbk4fpXVQe0OKD06S1y5lBe2qcZVNaWPOTkcuTn7ygO,GOOGLE,4/17/2020,error: undefined method `first' for nil:NilClass,error: undefined method `first' for nil:NilClass
Cam,O'Henecan,cohenecanqq@npr.org,$2a$04$9ISl7R5GlrlysGU479D9k.9PJNi8RDLmqTfhxVdMDga6TdyNLjZ6y,PASSWORD,7/12/2020,error: undefined method `first' for nil:NilClass,error: undefined method `first' for nil:NilClass
Crysta,Lingfoot,clingfootqr@123-reg.co.uk,$2a$04$t79jng0uj/.1BhCo6O/5Je0dWcA5tbcQtOwwm.G4/EZsWHJv0A89i,GOOGLE,7/10/2017,error: undefined method `first' for nil:NilClass,error: undefined method `first' for nil:NilClass
Penelope,Drydale,pdrydaleqs@uol.com.br,$2a$04$0shgSBccmJ3EIpxObE1Khea7R4g1CXPUHNaRs7i7uC6yLphliMG9G,GOOGLE,4/4/2025,error: undefined method `first' for nil:NilClass,error: undefined method `first' for nil:NilClass
Saree,Darco,sdarcoqt@sogou.com,$2a$04$W4OnCYeonh61ZZJJgjFY/ul6udOcF8b/ueZCgIc8novay0pjAIhQa,PASSWORD,6/30/2023,error: undefined method `first' for nil:NilClass,error: undefined method `first' for nil:NilClass
Far,Waulker,fwaulkerqu@sun.com,$2a$04$OxdiTIUENQmkBk3zfiv9d.9XWBejFHAciYgWKynnBdM.6x20Ndxiq,PASSWORD,7/5/2024,error: undefined method `first' for nil:NilClass,error: undefined method `first' for nil:NilClass
Temp,Elphee,telpheeqv@zdnet.com,$2a$04$kNSTx2TfEMG/ylxuzUuil.ihMUAaBozlSlKl1VRzIjBBNGyjpFow6,GOOGLE,2/7/2020,error: undefined method `first' for nil:NilClass,error: undefined method `first' for nil:NilClass
Byrom,Swede,bswedeqw@163.com,$2a$04$9zmkql33tCQ0jchUiCVF0eAZQU1Kex5g7IeokOlcp7LOPI/oVgxCe,PASSWORD,8/4/2021,error: undefined method `first' for nil:NilClass,error: undefined method `first' for nil:NilClass
Roch,Catonne,rcatonneqx@smugmug.com,$2a$04$D0o77wuPfgOqBl/nDzgPTuDR06kxBdRUIb91FvyyGrdxaGnA7A7WS,PASSWORD,8/27/2015,error: undefined method `first' for nil:NilClass,error: undefined method `first' for nil:NilClass
Jae,Emblow,jemblowqy@ftc.gov,$2a$04$RPZhhcQnMyIbU23UHrbD..wGDfHxgmNkqiMvRyT35yU0Yk8inDE7a,PASSWORD,3/25/2016,error: undefined method `first' for nil:NilClass,error: undefined method `first' for nil:NilClass
Francklyn,Kupisz,fkupiszqz@sakura.ne.jp,$2a$04$yymZUI2r.OpAMjwWOmUCpu1JL647QsGoITcLhKyUgerpUheJVKBxe,GOOGLE,3/20/2022,error: undefined method `first' for nil:NilClass,error: undefined method `first' for nil:NilClass
Danita,Cinelli,dcinellir0@businesswire.com,$2a$04$HsoQ/ZFGX1Wr8IvxPUvtZ.t4ZRP4CNtVbvuFCJnED.JoNBud7sA6q,GOOGLE,2/27/2018,error: undefined method `first' for nil:NilClass,error: undefined method `first' for nil:NilClass
Malissa,Oaks,moaksr1@elpais.com,$2a$04$OMgaSJ6pL4pPTN73uIatVOW.MgHr7.4yj/SsKj.uWaEbeWuUHDG6W,GOOGLE,7/29/2020,error: undefined method `first' for nil:NilClass,error: undefined method `first' for nil:NilClass
Simmonds,Alp,salpr2@businessinsider.com,$2a$04$csAKN4wGImdIyD52ZASdr.AHiblLisde3AVd6NSqfq391vvdpqQoe,PASSWORD,1/5/2016,error: undefined method `first' for nil:NilClass,error: undefined method `first' for nil:NilClass
Rosy,Loosley,rloosleyr3@paypal.com,$2a$04$lEyt5RbZk6yDiKNXfwDc7em3ObbcL8wvtCkV0zm/Be3E.AH/VGira,GOOGLE,3/12/2020,error: undefined method `first' for nil:NilClass,error: undefined method `first' for nil:NilClass
Arielle,Jakubowski,ajakubowskir4@craigslist.org,$2a$04$MarPS.g7FWNGLSEqd7JKHOQaMn443h974jt.wilQ4skWAZB1KSwxu,PASSWORD,3/20/2015,error: undefined method `first' for nil:NilClass,error: undefined method `first' for nil:NilClass
Aleece,Scurrer,ascurrerr5@godaddy.com,$2a$04$LV3.Hysv3xC912Khy60vduY.IR8vL6bv15NTt6CQklXplIu.wbeqG,GOOGLE,3/27/2015,error: undefined method `first' for nil:NilClass,error: undefined method `first' for nil:NilClass
Cyrill,Brownsmith,cbrownsmithr6@homestead.com,$2a$04$jA89TiBRNlOaKRP/joRXEOxia8DEGqjhQ9y8QdiaIrVwFihE3QSIa,PASSWORD,1/30/2017,error: undefined method `first' for nil:NilClass,error: undefined method `first' for nil:NilClass
Wilhelm,Effaunt,weffauntr7@wikia.com,$2a$04$ruBvu3AtfCBVlMf/rM6dc.FqGnrNV.Cb8obyxtaEnRwQp5RzVVESq,PASSWORD,3/20/2021,error: undefined method `first' for nil:NilClass,error: undefined method `first' for nil:NilClass
Josie,Loving,jlovingr8@amazon.co.uk,$2a$04$Hlu1Wp5IVS9vxnYKrd2hreogjOTEnotVRZdicEGppO.Au/PYDZw4u,PASSWORD,1/11/2020,error: undefined method `first' for nil:NilClass,error: undefined method `first' for nil:NilClass
Lutero,Hawtry,lhawtryr9@nifty.com,$2a$04$RrWgD7fxDBnCOLezwWqrgOB3UZ8xfCxCjsxwTprBd85Ma06A/q.xq,PASSWORD,8/6/2021,error: undefined method `first' for nil:NilClass,error: undefined method `first' for nil:NilClass
Tamra,Laydon,tlaydonra@tripadvisor.com,$2a$04$GRCdDKz1myDQO2q4Oscu1OlC/4KTN63hGMgcKDoUW/uBsMBP8xTtu,GOOGLE,9/5/2026,error: undefined method `first' for nil:NilClass,error: undefined method `first' for nil:NilClass
Al,Berthot,aberthotrb@sun.com,$2a$04$Pqo74FqS2Glg.BRPepqjAuA5RgivC5D1nMutCr5HPsRz4k8AFTVee,GOOGLE,6/1/2015,error: undefined method `first' for nil:NilClass,error: undefined method `first' for nil:NilClass
Carola,Blencowe,cblencowerc@newyorker.com,$2a$04$JtiEWnMunxm17PM72B6kquqS7pKSHMWW530LNtZs0QP9J80EK1wlG,GOOGLE,10/4/2018,error: undefined method `first' for nil:NilClass,error: undefined method `first' for nil:NilClass
Essie,Houlaghan,ehoulaghanrd@meetup.com,$2a$04$/EXPvekDByqSGz1dSQMkA.4GrLchJOyxN/DvzAl/Lkv9brDO0jHLO,PASSWORD,2/26/2019,error: undefined method `first' for nil:NilClass,error: undefined method `first' for nil:NilClass
Gabbie,Laboune,glabounere@de.vu,$2a$04$TwYpotpqYYKb5aGvxpS9AuBIW/AMJdd4727JvWyocSgDjxGP84aD6,GOOGLE,1/23/2015,error: undefined method `first' for nil:NilClass,error: undefined method `first' for nil:NilClass
Marianne,Ockleshaw,mockleshawrf@amazonaws.com,$2a$04$2LwbxoNDpnxPHpgG.TCp.eUeSvo0B6oRqex8w8LeCr8INvkf2/FBe,GOOGLE,4/28/2021,error: undefined method `first' for nil:NilClass,error: undefined method `first' for nil:NilClass
Salvatore,Bentinck,sbentinckrg@dropbox.com,$2a$04$awvE7oknU0rukCj6KvO42.ZuEKSu6/Jjj6li0Av2kITM/1vLqRUPq,PASSWORD,6/24/2018,error: undefined method `first' for nil:NilClass,error: undefined method `first' for nil:NilClass
Johannah,Allchorne,jallchornerh@state.tx.us,$2a$04$SXkowaMmgKH8Xhdj.zkTkuooIT4DtkVkNAUx7tWIHHpkqH1dqGDmq,PASSWORD,6/9/2017,error: undefined method `first' for nil:NilClass,error: undefined method `first' for nil:NilClass
Ettie,Somerville,esomervilleri@wunderground.com,$2a$04$n5aIADBz/DowDOG/nuXg2.vyNXwaDKiNKTqWSt6BdsLD.iylX2TAe,PASSWORD,10/10/2017,error: undefined method `first' for nil:NilClass,error: undefined method `first' for nil:NilClass
Alida,Syder,asyderrj@cnet.com,$2a$04$6n8WU8pOFBP7rQspuZAWYueGBk21EFAXxM0GxalJp6PtYhvydAEMa,GOOGLE,9/4/2020,error: undefined method `first' for nil:NilClass,error: undefined method `first' for nil:NilClass
Isacco,Hilary,ihilaryrk@wp.com,$2a$04$Ag1EoASccoRpt1Up4Zu0Oe4Fp3z95OOQPr1zmSEA0o9wtj6uws/HS,GOOGLE,9/1/2025,error: undefined method `first' for nil:NilClass,error: undefined method `first' for nil:NilClass
Barbra,Brailsford,bbrailsfordrl@cbsnews.com,$2a$04$sxCQEdkrP2q5Ox65pFdD2e/d6pdwyIFxdLXjLEG4m/ufsDXilsy0m,PASSWORD,5/19/2025,error: undefined method `first' for nil:NilClass,error: undefined method `first' for nil:NilClass
Issy,Canner,icannerrm@xinhuanet.com,$2a$04$bVP1XT/SLMgnHrLkr6DygOAj2hLkXQqS14zlGJVD4zWNd138H4yse,GOOGLE,2/10/2021,error: undefined method `first' for nil:NilClass,error: undefined method `first' for nil:NilClass
Oneida,Roelofs,oroelofsrn@biblegateway.com,$2a$04$LimtoMvrIMnaqkwOOmH4oekjCn.gNiE0jjopbMZ3gAhvomf9ixu3W,GOOGLE,2/13/2015,error: undefined method `first' for nil:NilClass,error: undefined method `first' for nil:NilClass
Evania,Gabbat,egabbatro@nationalgeographic.com,$2a$04$QVTJkn11fYFPk2ZSh9hIHeA7A1fZ.JLAvBLSJlppzexZ84k7tbh9a,PASSWORD,3/23/2023,error: undefined method `first' for nil:NilClass,error: undefined method `first' for nil:NilClass
Bili,Elman,belmanrp@icq.com,$2a$04$ON6lRzcWDPfcJvMAQvm9EulSRH1/A.CcWTyAHi7e34ok1fEv4Glki,PASSWORD,10/17/2022,error: undefined method `first' for nil:NilClass,error: undefined method `first' for nil:NilClass
Christoforo,Wilcinskis,cwilcinskisrq@pbs.org,$2a$04$5IYlNATqNglk4LZRPSw8LOo.7c7d0EYbhVU7FVhqisOjx4UD0T312,GOOGLE,2/10/2015,error: undefined method `first' for nil:NilClass,error: undefined method `first' for nil:NilClass
Simone,Sextone,ssextonerr@alexa.com,$2a$04$Utt.mD9Uhb9SB1pzRKbhp.MONcm0jT3i7OW0DVxa2bTcnkC.DuLQe,PASSWORD,10/24/2025,error: undefined method `first' for nil:NilClass,error: undefined method `first' for nil:NilClass
